指数,名,地址,#标签,电话号码,网站,小时/休息日,图片,入场费,停车设施,介绍
1,乔桐美术馆,全罗北道全州市完山区京畿田路89,#全州#文化空间#参观设施,063-287-1245,http://www.gdart.co.kr,,http://tour.jeonju.go.kr/planweb/upload/9be517a74f72e96b014f820463970068/inine/content/preview/f24f42f4-27c6-4f83-80ae-17f98d2ba74a.jpg.png,,,营业时间上午10点至下午11点营业周一闭馆周二至周日开放6天。
2,国立无形遗产院,全罗北道全州市完山区西鹤路95(东西学洞896-1),#全州#文化空间#参观设施,063-280-1400,http://www.nihc.go.kr,,http://tour.jeonju.go.kr/planweb/upload/9be517a74f72e96b014f820463970068/inine/content/preview/7786036f-2c6e-41d3-9063-29e5bf7d94c5.jpg.png,,,空间介绍- 国立无形遗产院是为系统地保存继承韩国传统文化基础的非物质文化遗产而设立的文化财厅所属机构负责非物质遗产表演展示教育传承支援调查研究等的国家机关。 - 国立非物质遗产院是任何人都可以近距离感受和享受非物质遗产的非物质遗产综合文化空间。
3,国立全州博物馆,全罗北道全州市完山区艾草고개路249(孝子洞二街),#全州#文化空间#参观设施,063-223-5651,http://jeonju.museum.go.kr,,http://tour.jeonju.go.kr/planweb/upload/9be517a74f72e96b014f820463970068/inine/content/preview/49bbb318-8852-4cb7-92fb-380976cf0872.jpg.png,,,国立全州博物馆自1990年开馆以来负责收集保存全罗北道文化遗产并进行研究展示教育。 通过策划各种主题展览推动专题展览和学术活动深入介绍全罗北道的历史和文化。特别是重点推进朝鲜儒生文化的特性化展示等学术活动研究扶安竹幕洞祭祀遗址后百济历史复原扶安有川里青瓷保存等全北重要的研究课题致力于地区研究的发展。 此外还开发并运营着以地区居民为对象可以参与博物馆活动的各种项目。它是引领全罗北道地区文化的中心文化机关。
4,泡菜文化馆,全州市 完山区 鱼津路 29,#全州#文化空间#参观设施,063-287-6300,http://www.jeonjukimchi.com,,http://tour.jeonju.go.kr/planweb/upload/9be517a74f72e96b014f820463970068/inine/content/preview/4ac4386c-6916-4446-9f44-c1b316531d92.jpg.png,,,事务局:推进名牌泡菜产业化事业 接受教育 等多馆(韩食教育馆): 泡菜及乡土饮食专门讲座 周末儿童泡菜讲座 研讨会 灯下菜(泡菜体验馆):
5,东学革命纪念馆,全罗北道全州市完山区银行路34(丰南洞三街),#全州#文化空间#参观设施,063-231-3219,,,http://tour.jeonju.go.kr/planweb/upload/9be517a74f72e96b014f820463970068/inine/content/preview/6d0ce3d0-f985-47f8-89e0-281ca5599ae1.jpg.png,,,为纪念东学革命100周年为纪念崇高的革命精神而建立的纪念馆由常设展厅和纪念馆组成。 [交通信息]从东部市场往南方方向(交大方向)约350米距离从全州市厅徒步到东部市场20分钟(韩屋村内)。
6,REVING CONTENTS DIT中心,,#全州#文化空间#参观设施,063-281-1559,http://www.ditcenter.co.kr,,http://tour.jeonju.go.kr/planweb/upload/9be517a74f72e96b014f820463970068/inine/content/preview/0141a97c-2126-40eb-adde-a18bace3d63e.jpg.png,,,Living Contents DIT中心是可随时打造任何人的 MakerSpace*是一款以生活中的创意共同打造实用生活用品实现Maker文化的普通人均可参与的参与型产品生产空间。* Makerspace是具备制造所需工具的场所能够将我闪亮的创意制作成试制品通过相关体验程序学习制作方法是任何人都可以参与的空间。□可利用时间:周一-周五 10:00-2:00 周六 10:00-17:00 / 每周日 休馆 □ 设施指南 o 教育室: 教育和工作 空间 o 创意工作室
7,右进文化空间,郴州市德津区全州川东路376,#全州#文化空间#参观设施,063-272-7223,http://woojin.or.kr/,,http://tour.jeonju.go.kr/planweb/upload/9be517a74f72e96b014f820463970068/inine/content/preview/f5f43f55-b698-4957-9144-98e32c29a68e.jpg.png,,,沿着川边的爬山虎家的牛津文化空间全州川边路走就能看到牛津文化空间。 爬着粗糙的裸露混凝土外墙爬起的爬山虎的绿意吞噬了白天的烈日给人留下深刻印象的该建筑是专门帮助艺术家创作活动的空间。  90年代以后岛内用于市民文化享受的文化设施大幅增加而艺术品生产者帮助文化艺术人的创作活动的设施则处于踏步状态。 友珍文化财团切实感受到市民对文化艺术的旺盛需求和为支援文化艺术人创作活动而需要的空间。 结束了13年的西老宋洞时代2004年在全州市德津区镇北洞筑巢的牛津文化空间是牛津文化财团文化事业根据地也是等待已久的专业艺术家创作的摇篮。  文化艺术人任何人都可以经过简单的申请程序便利地利用设施。- 设施规模:占地1875.4M2 (568坪) 总建筑面积 3481.54M2 (1055坪) - 开放时间:上午10点~晚上10点 每周一休馆
8,全罗北道教育文化会馆,全罗北道全州市德津区安德院路71镇北洞,#全州#文化空间#参观设施,063-270-1601,http://www.jec.go.kr/,,http://tour.jeonju.go.kr/planweb/upload/9be517a74f72e96b014f820463970068/inine/content/preview/c4939d41-7d5d-4992-b3a5-9c03476b8f30.jpg.png,,,○ 设置者/运营者:全罗北道教育厅 ○ 规模:总面积5943平方米(1801) 地上 3 层 地下 1 层 ○ 开馆年度: 1983 ○ 按功能分类
9,全北大学三星文化会馆,全罗北道全州市德津区权三得路290(金岩洞),#全州#文化空间#参观设施,063-270-2089,http://cnucc.chonbuk.ac.kr,,http://tour.jeonju.go.kr/planweb/upload/9be517a74f72e96b014f820463970068/inine/content/preview/63360005-4bbd-4caf-896a-c31bf2e9d1f9.jpg.png,,,作为综合文化艺术活动殿堂拥有最新的舞台设施是展示纯文化艺术和大众艺术表演的场所。 作为拥有2600坪规模全北最高设施的文化活动演出场其内部的sorento restory廊外还设有叫做野花的花园作为全州市民的休息空间而倍受瞩目。 由演出场和展示场组成的学生会馆是总面积达5943平方米地上3层地下1层的规模是全罗北道教育厅运营的学生们的文化场所是幼儿园儿童从学艺会到大人展开各种文化活动的地方。
10,全北艺术会馆,全罗北道全州市完山区八达路161(庆源洞一街),#全州#文化空间#参观设施,063-284-4445,,,http://tour.jeonju.go.kr/planweb/upload/9be517a74f72e96b014f820463970068/inine/content/preview/bfdf1be3-7f1b-4d70-aede-14ff5fea7e82.jpg.png,,,它作为岛内文化艺术活动的殿堂为各种展览和演出提供了空间。
11,全北全州德津地区艺术会馆,全州市德津区权三得路407(德津洞2街),#全州#文化空间#参观设施,063-281-6650,,,http://tour.jeonju.go.kr/planweb/upload/9be517a74f72e96b014f820463970068/inine/content/preview/5ad147d2-435b-414c-a16b-5f27c2912eb5.jpg.png,,,大关导游德津艺术会馆优先代管文化艺术演出上午下午夜间灯1日3次代馆使用申请根据申请书电话传真等方法优先许可。※ 上半年大馆自上一年度12月下半月6日起受理报名。使用费用(设施基本使用费/演出/平日1次)标准:上午(08:00~12:00)/下午(13:00~17:00)/夜间(18:00~22:00)~平日演出标准包括照明音响冷暖        ※ 申请书要在开始使用15日之前提交使用费必须在5天前之前向市金库(全北银行)缴纳。 交通指南 从全州I.C(全州出入口)到⇒市厅方向6km左右全州I.C(全州出入口)~圆光大方医院十字路口(左转)⇒国乐院街mx长度为15.5mx高度为12.5m的化妆室(男女):65m2(20坪) 停车设施:200台左右演出场所设备现状舞台设施:音响反射板及舞台 下载 ※德镇艺术会馆舞台平面图下载 ※德镇艺术会馆舞台机器/照明设备下载 ※德镇艺术会馆演出场地座位安排图下载
12,全州美术馆,郴州市完山区丰南门4路25-26 盛源城市塔 B01,#全州#文化空间#参观设施,063-283-8887,http://www.jeonjumuseum.com,,http://tour.jeonju.go.kr/planweb/upload/9be517a74f72e96b014f820463970068/inine/content/preview/dc7a422d-8f61-43d8-b681-481e8ee5f2bb.jpg.png,,,全州美术馆是代表全北的第一类私立美术馆(经历认证机构)位于朝鲜时代全罗道中心全罗道监营和丰南门附近设有企划展览馆和常设展览馆教育室野外展示场等。 每年通过企划展和特别展与游客沟通进行教育演讲体验项目的综合文化空间。运营时间:上午10点~下午6点休息:每周一1月1日春节连休
13,全州扇子文化馆,全北全州市完山区京畿田路93号,#全州#文化空间#参观设施,063-231-1774,http://www.jeonjufan.kr,,http://tour.jeonju.go.kr/planweb/upload/9be517a74f72e96b014f820463970068/inine/content/preview/d22bb56b-f80e-4e9c-9d82-83e1dbc74b7d.jpg.png,,, 
14,全州市民游乐场,全州市完山区玄武二路38号,#全州#文化空间#参观设施,063-287-2012,http://www.dongmunst.com,,http://tour.jeonju.go.kr/planweb/upload/9be517a74f72e96b014f820463970068/inine/content/preview/c7ec691d-e5ff-415c-9f0c-5554a4cb3669.jpg.png,,,设施介绍全国首个24小时开放的练习空间。 地区全州市民多种同好会等全州市民均可在年中使用。通过参与型会员制运营市民才能捐献自愿服务等自律运营。 是练习和发表教育及休息等多功能空间。支持市民生活艺术发表及交流。在1楼的聊天空间里任何人都可以随意聊天。以各种小型聚会会议小型发表空间作为开放文化空间。 作为郴州市各类生活艺术信息网络中心支持关系网建设。准专家以上市民文化艺术活性化带来地区文化的生动感。 支持与准专家水平以上的市民生活艺术家和地区艺术家的连接。运营艺术家联系支援及企划项目。通过加强市民生活艺术力量及网络支持确保社区文化生态健康。空间构成及活用计划分类功能构建设施1楼故事娱乐场运营办公室多功能办公空间办公室移动空间聚会咖啡等多功能空间-聚会中心型咖啡屋小型发表空间目的练习场个人练习场团体创作空间-练习室简易更衣室个人物品盒等-舞蹈等练习空间及美术照片等视觉艺术同好会为主的创作空间
15,全州历史博物馆,全罗北道全州市完山区艾草고개路259(孝子洞二街),#全州#文化空间#参观设施,063-228-6485,http://www.jeonjumuseum.org,,http://tour.jeonju.go.kr/planweb/upload/9be517a74f72e96b014f820463970068/inine/content/preview/219030ce-d638-46ef-a6f0-0299b53b4e16.jpg.png,,,这里是讲述全州和全州人的地域史博物馆。 ○博物馆沿革 - 2002.5.24 全州历史博物馆开馆(东学农民革命纪念事业会) - 2005. 4.20 第二届全州历史博物馆成立(全州文化爱会) - 2006. 12     上午10点到12点之间团体参观的人很多要等很长时间。     入场前请务必在门口填写团体参观日志。     学生集体参观时带队老师必须陪同。 ○ 设施指南 - 5 层朝鲜时代全州历史的细致全州故事 - 4 层东学农民革命相关展示空间 - 3 层全州历史文化相关主题企划展示空间 - 2 层已故     - b2层收藏库是文物的分类整理保存处理和管理空间。
16,全州自然生态馆,全罗北道全州市完山区校洞951-1,#全州#文化空间#参观设施,063-281-2831,,,http://tour.jeonju.go.kr/planweb/upload/9be517a74f72e96b014f820463970068/inine/content/preview/07300cdc-e7f2-4203-af15-1b58fb815082.jpg.png,,,以全州的舟山胜岩山美景为背景位于全州川清净水纹向前流淌的美丽自然环境中的全州自然生态博物馆于2008年5月22日开馆与韩屋村一起成为新的旅游景点。  占地面积18766m2地下1层地上3层总面积2074m2采用1级水纯净水质设计并新建了冷气和暖气系统。 此外二层是环保能源体验馆设有可以全面了解能源利用和变迁新再生能源未来能源的12种能源相关体验设施和能源影像室这些设施是全国能源展示馆中种类最多的体验设施。 与此同时在全州川岸边的水边生态公园中还新体验了鱼类隐身处水生植物和水芒沙柳等野生花120505本湿地净化及水生植物。  分为团体20人以上和个人收取300元~2000元不等的参观费上午9点到下午6点可以参观夏季5月~9月1日可延长1小时下午7点可以参观。 此外还准备了可直接触摸活昆虫的体验场为参观者提供全新多样的看点。  在保存了千年历史和秀丽自然景观的全州新观光旅游区全州自然生态博物馆中聆听风和水的洒落的自然故事不知不觉间就会发现人就是自然。
17,全州韩纸博物馆,全罗北道全州市德津区八福路59 (八福洞2街),#全州#文化空间#参观设施,063-281-1530,http://www.hanjimuseum.co.kr/,,http://tour.jeonju.go.kr/planweb/upload/9be517a74f72e96b014f820463970068/inine/content/preview/5b207aa9-5f60-4bed-918d-3260d88bc6ab.jpg.png,,,作为韩国第一个有关纸张的博物馆展示着纸张的历史变迁过程和有关纸张的文物及资料1200多件。 特别是可以亲自制作体验韩纸的体验型主题博物馆。 21世纪是信息和文化的时代... 位于纸张和出版文化发源地全州的泛亚纸博物馆是可前往有趣的纸国旅行的主题型博物馆。 为了展示纸和纸文化的所有东西于1997年10月21日建立的泛亚纸博物馆通过人类纸张文明发展史和相关文物等系统介绍展示而且参观者还亲自观看韩国传统纸张。 [交通信息] 市内公交车: 维修公团 韩化政工 Hanaro Mart方向公交车(70-1 73-1 77 78-4 84 165 路)在泛亚洲paper韩国(或 南阳
18,创作小剧场,全北全州市完山区东门路100 (庆源洞一街),#全州#文化空间#参观设施,063-282-1810,http://www.changjak1961.co.kr,,http://tour.jeonju.go.kr/planweb/upload/9be517a74f72e96b014f820463970068/inine/content/preview/86c471a2-1cee-4c9e-8c5a-ff01edd04391.jpg.png,,,创作剧会是该地区最古老的戏剧团体。 1961年在战争余波未平的时期随着讲述悲剧性战争故事的戏剧《我的独白还没有结束》搬上舞台创作戏剧开始了漫长的步伐。 从那以后到现在足足演出了114部作品的年谱告诉我们悠久的传统和一贯的作品倾向让全国屈指可数的话剧团体名不虚传。 创作剧会不是属于某个人的剧团。 由任期制代表和运营团成员协商运营的协议体剧团。 这是创作剧会的目的戏剧是公共事务要对社会做出贡献特杰在系统上明确地表示。 通过戏剧和音乐剧院子剧儿童剧木偶剧打造温暖的世界是创作剧会所向往的明确的标杆。
19,太祖御真博物馆,全北全州市完山区太祖路44 (丰南洞3街) (京畿殿内),#全州#文化空间#参观设施,063-231-0090,,,http://tour.jeonju.go.kr/planweb/upload/9be517a74f72e96b014f820463970068/inine/content/preview/ff0752f3-4a82-4427-a87d-dd552d70c477.jpg.png,,,2010年11月6日开馆的御真博物馆是全州新的旅游资源以京畿殿和太祖御真为中心通过丰富多样的高格调的展览成为灿烂的朝鲜王室文化遗产的保护管理和弘扬中心。          御真室 - 太祖御真(宝物第931号) - 新临摹的六分御真(世宗英祖正祖哲宗高宗纯宗)展示 - 制作了与京畿停战的卧室相同的模型            企划展示室 - 被指定为世界文化遗产的朝鲜王陵特别展举办期间 - 朝鲜王陵特别展通过517年历经27代的朝鲜王朝兴亡盛衰一目了然的展示形式 – 1872 年的太祖
20,八福艺术厂,全罗北道全州市德津区古雷德尔一街46,#全州#文化空间#参观设施,063-283-9221,http://www.palbokart.kr/,,http://tour.jeonju.go.kr/planweb/upload/9be517a74f72e96b014f820463970068/inine/content/preview/c73b084c-6347-4a63-8cac-1c40f21b3c28.jpg.png,,,八福艺术工厂是全州市作为磁带制作工厂运营停工25年的产业园区内的老化产业设施是作为艺术家创作空间和市民文化艺术乐园的综合文化空间。 空间构成○ 1 园区(18.3.23 开馆):艺术创作.展示空间咖啡馆艺术乐园 - 1 层:创作工作室咖啡馆&艺术店艺术创作空间: 公开招募打造工业园区艺术村-打造艺术工业园区的八福产业园区构建再生平台-为实现亚洲文化中心全州文化特别市而建立艺术创作交流据点-在艺术家和企业居民的合作下形成生产和消费的地区共同体
21,韩国声音文化殿堂,全北全州市德津区小路31(德津洞一街),#全州#文化空间#参观设施,063-270-7800,http://www.sori21.co.kr/,,http://tour.jeonju.go.kr/planweb/upload/9be517a74f72e96b014f820463970068/inine/content/preview/d3654d4a-d9d0-429a-b967-095be72bf110.jpg.png,,,这里建有全州世界声音庆典等国内•外文化艺术及公演的2000多席规模的大剧场和国际会议场展示场并设有7000席规模的露天演出场和游乐场。  - 国际各种会议和活动空间 - 见面的场所和休息空间 - 可以边看边参与的文化空间 - 世界级文化艺术活动空间
22,韩国传统文化殿堂,全罗北道全州市完山区玄武一街,#全州#文化空间#参观设施,063-281-1500,http://www.ktcc.or.kr,,http://tour.jeonju.go.kr/planweb/upload/9be517a74f72e96b014f820463970068/inine/content/preview/7a5fe1eb-8a36-46ea-bd3f-8f089ad4c281.jpg.png,,,韩国传统文化殿堂为了跃升为代表韩国整体性的国际品牌正在推进传统文化的大众化产业化全球化。 我们希望通过传统文化的价值体系化为差异化内容开发奠定基础在创意创意的积极支持下为扩大和弘扬传统文化作出贡献。全州的韩国传统文化殿堂既是品格之都又是人之都是大家享受观光体验的开放空间。 这里拥有在国内外备受瞩目的韩纸(韩纸产业支援中心)韩食(韩食创意中心联合国教科文组织饮食创意城市)韩屋(韩屋村国际慢城)工艺(千年全州名牌)。 作为体验韩纸和17处攻防饮食调理等的韩文化融合据点希望向全世界宣传韩文化。希望把韩国传统文化读出来作为过去和现在未来沟通的地方结合新一代教育和文化产业进行重新诠释创造性地发展韩文化努力培养人才。- 设施教育室 会议室 小型会议室 企划展示室 1·2 公演场 饮食调理体验室 宣传馆(全州韩文化馆) 地下停车场 - 工坊(17个) 陶瓷手 韩纸韩食韩屋韩文韩音等韩文化中心传统文化的宣传场所即将到来? 通过间接体验传统文化提高对韩国优秀传统文化的理解(2)设施现状。 张小:郴州市完山区玄武1路20(开放式1楼2楼)。 棉质:全州文化馆(一层)739.77m2韩文化馆(2层)618.93m2。 主要内容:构筑全州和韩文化故事资料-宣传1F全州文化馆 全州文化的感性传递(通过媒体的知识和信息体验)-构成:欢迎空间/全州故事/全州城市风景(韩国旅游) 感性的信息知识-经验 : 充满共鸣的记忆/ 冥想和休息中的反省性经验 2F 韩文化馆 全州文化的实际传达(实物和形象体验)- 构成:导入部分/拥抱自然和人的敌 实际效用的信息-经验 : 了解韩文化知识/ 了解必要信息 检索输出/ 了解韩文化种类: 比较运营计划家 运营时间1) 休馆:每年1月1日春节及中秋当天13:00 ~ 18:00 运营时间: 09:00 ~ 18:00。 运营人员及工作方式- 运营人员:共3名(1名道森特文化解说员2名)。 参观方式1)个人:运营时间内无需另行限制即可参观2)团体:10人以上(保护展品及维持参观秩序的预约)预约申请•电话预约5日前可预约 预期参观时间:全州文化馆自由参观/展示馆名:个人(15分钟/20分钟)团体(20分钟/40分钟)韩文化馆自由参观/展示馆名:个人(15分钟/40分钟)团体(20分钟
23,韩屋村艺术厅,田州市完山区京畿田路42号,#全州#文化空间#参观设施,063-282-1033,http://cafe.naver.com/woodmge,,http://tour.jeonju.go.kr/planweb/upload/9be517a74f72e96b014f820463970068/inine/content/preview/e43c5145-6acf-48a7-8075-c60d32697f2e.jpg.png,,,位于全州韩屋村和东门艺术街之间的韩屋村艺术厅于2008年7月5日开馆每年发表创作初演作品全北第一年连续150天长期演出。 此外这里还以自创剧为主仅供全州韩屋村艺术厅观赏。  举办韩屋村文艺热展-无微不至的声音和东大门艺术街年轻戏剧节等试图进行新的企划截至2013年10月将韩屋村艺术厅更名为2014年10月。
24,韩屋村禅碑文化馆,全州市 完山区 韩志街 102,#全州#文化空间#参观设施,063-288-5124,,,http://tour.jeonju.go.kr/planweb/upload/9be517a74f72e96b014f820463970068/inine/content/preview/0270def3-7b80-4d6a-b902-957150885212.jpg.png,,,这里是100年前漫步全州欣赏传统文化之都全州名扬一时的儒生生活思想和艺术世界的空间。 特别是日本帝国主义强占时期的韩屋村的书生们聚集到一起通过与现在不同的100多年前的韩屋村。 摆脱单纯观看的展示准备了能够体会书生们生活和想法的体验设施和项目展示馆入口处的韩屋村地图记录了全州书生们的足迹为游客提供了与众不同的韩屋村旅游之路。
25,韩屋村历史馆,全州市 完山区 崔明喜路 17-10,#全州#文化空间#参观设施,063-286-5125,,,http://tour.jeonju.go.kr/planweb/upload/9be517a74f72e96b014f820463970068/inine/content/preview/16d2fe64-2a9e-4a27-a36d-f238e3cf37e6.jpg.png,,,设施概要规模大地(476.1平方米)建筑(98.64平方米) 星期二~星期五10:00~18:001名解说人员运营内容平日(星期一除外)不定期运营(随时)一般解说根据游客的要求灵活地预约(20日)。 ** 团体解说不能在定期解说时间进行。 *** 解说预约只能在历史馆办公时间(10:00~18:00)进行。
26,韩纸产业支援中心,全罗北道全州市完山区玄武一街 20 14-2,#全州#文化空间#参观设施,063-281-1530,http://www.hisc.re.kr,,http://tour.jeonju.go.kr/planweb/upload/9be517a74f72e96b014f820463970068/inine/content/preview/36ae0f33-d683-4a55-9d84-3675682d4284.jpg.png,,,韩纸产业支援中心是综合系统地研究开发教育韩纸文化和产业的全国首个韩纸相关R&D研究机构也是同时拥有并利用展示体验宣传教育空间的新的复合型韩国唯一。  2010年建成地下 1 层地上 4 层规模的展示及韩纸体验空间1 层商品展示室韩纸文化体验室韩纸制造体验室2 层宣传馆及企划展示室等。 特别是在 1 层商品展示室展示从生活用品到室内装饰用品服装等多种韩纸产品和应用文化商品诱导普通人的需求将韩纸文化相关企业直接创造收益联系起来韩纸制造室同时有 40 。  2 层宣传馆通过影像等多媒体媒体可看到韩纸的历史和制造过程新材料等多种功能企划展示室计划全年举办多种企划展示活动。  来到韩纸产业支援中心后您就能看到韩纸的一切感受和体验。[周边信息]位于庆源洞原全北道厅2号办公楼紧邻全州韩屋村全州市内圈及全州市政府。
27,工艺工坊村1园区(花熟),全州市 完山区 韩志吉 68-8,#全州#文化空间#传统设施,063-282-7074,http://blog.daum.net/aldud-aldud,,http://tour.jeonju.go.kr/planweb/upload/9be517a74f72e96b014f820463970068/inine/content/preview/0d5e412e-f89c-4ece-828b-329e5ff22e20.jpg.png,,,韩屋和韩纸组合在一起的美丽空间中是国内外国人体验(团体个人)和教育的空间韩art space是法国时隔145年回归的外奎章阁仪轨(英祖正纯王)。博物馆的全景订购工作和韩纸文化旅游商品的开发正在进行中。
28,全州小里文化馆,全罗北道全州市完山区韩纸街56,#全州#文化空间#传统设施,063-231-0771,http://www.sori.jjcf.or.kr,,http://tour.jeonju.go.kr/planweb/upload/9be517a74f72e96b014f820463970068/inine/content/preview/5f880add-3e1c-48bd-9fba-9778b49f0a00.jpg.png,,, 
29,全州传统文化研修院,全罗北道全州市完山区鄕校街119-6,#全州#文化空间#传统设施,063-288-9242,http://www.dongheon.or.kr,,http://tour.jeonju.go.kr/planweb/upload/9be517a74f72e96b014f820463970068/inine/content/preview/31fcbcdc-6884-429c-9305-bf7e7b761b13.jpg.png,,,由全州东轩张贤式古宅(安彩中间间宅)任实镇参奉古宅(爱宅)井邑古宅(别宅)组成。
30,全州刺绣民俗博物馆,全州市 完山区 崔明喜路 9,#全州#文化空间#传统设施,063-288-6138,,,http://tour.jeonju.go.kr/planweb/upload/9be517a74f72e96b014f820463970068/inine/content/preview/ecab8e37-196b-4fc1-8f00-b00a6ac67b69.jpg.png,,,没有营业时间周一闭馆周二~周日开馆受到外国游客的热烈响应
31,全州汉壁文化馆,郴州市完山区全州川东路20号,#全州#文化空间#传统设施,063-280-7000,http://www.jt.or.kr,,http://tour.jeonju.go.kr/planweb/upload/9be517a74f72e96b014f820463970068/inine/content/preview/58d06b79-7f61-4f3c-b0c1-5a5b04e2fb43.jpg.png,,,从开馆至今全州韩壁文化馆每年接待7~10万名游客是全州韩屋村代表性的综合文化设施于2002年8月10日以全州传统文化中心的名称开馆。 设立的目的是配合全州韩屋村的复兴以市民及游客为对象提供文化服务为全州文化的发展做出贡献。主要事业是表演全州传统艺术的根基——板索里等各种类型的演出艺术为全州文化艺术振兴做出贡献并通过继承韩国传统文化命脉的传统婚礼式传统文化教育体验运营。汉壁文化馆设施汉壁公演场艺术公演的新乐园——汉壁公演场以全罗道的传统音乐和舞蹈以及其他多样的现代音乐舞蹈等表演重新填满展现着广阔的空间。在这里可以看到企划演出和打击乐合作演出等多种融合在一起的演出。华明园意为夫妻和睦相处之意是让人联想起朝鲜时代士大夫两班集的传统韩屋的美丽之处。再现传统韩屋大厅屋顶的传统婚礼场所华明园是能够一起分享深刻祝福的地方不仅是婚礼会婚仪式金婚仪式银婚仪式等宴会还有对传统婚礼的祝福。庆业堂是全州韩墙文化馆的教育体验馆是能够完整感受到传统气息的空间还可以感受传统韩屋的帅气。与年龄无关是可以学习并熟悉多种文化的空间同时也是进行小规模演出的空间。 包括烹饪体验室拌饭体验等为体验饮食的烹饪体验室按组进行体验配有烹饪设施整洁整洁。
32,崔明姬文学馆,全罗北道全州市完山区崔明姬路29,#全州#文化空间#传统设施,063-284-0570,http://www.jjhee.com,,http://tour.jeonju.go.kr/planweb/upload/9be517a74f72e96b014f820463970068/inine/content/preview/2cf52540-e1f1-4e8c-8eb4-124d6ef7c0ce.jpg.png,,,《魂不附体》的作者崔明姬为纪念他的文学成就崔明姬文学是全州唯一的文学馆。 作为作家的崔明姬和他的作品被发掘和重新审视事业放在中心位置同时全州市民还开展了可以关注文学和创作的各种文学活动。 而且这里既是地区文化艺术人沟通的空间也是韩屋村内的名胜。
33,传统酒博物馆,全罗北道全州市完山区韩纸街74,#全州#文化空间#传统设施,063-287-6305,http://urisul.net,,http://tour.jeonju.go.kr/planweb/upload/9be517a74f72e96b014f820463970068/inine/content/preview/484576b9-0ba9-42e0-b809-9c32d29f41dc.jpg.png,,,传统酒博物馆是寻找传统酒的脉搏家家户户酿酒的加阳酒传统完整保留的空间。 展示销售韩国传统酒学习韩国固有的铸造方式并亲自制作是一座体验型博物馆。 如果在杨和堂了解酿酒的过程陶醉于酒的成熟声音和香气那么在桂英院通过桂英杯可以适当观赏酒道和全国的传统酒。
34,全本文化馆,全罗北道全州市完山区全州川东路24,#全州#文化空间#传统设施,063-231-2212,https://wanpanbon.modoo.at/,,http://tour.jeonju.go.kr/planweb/upload/9be517a74f72e96b014f820463970068/inine/content/preview/b5541205-d3b2-4047-b686-6aeb70101aec.jpg.png,,, 
35,承光斋,全罗北道全州市完山区崔明姬路12-6,#全州#文化空间#传统设施,063-284-2323,,,http://tour.jeonju.go.kr/planweb/upload/9be517a74f72e96b014f820463970068/inine/content/preview/83d6ebb2-6663-46c6-849e-006d4da6d372.jpg.png,,,我是大韩帝国皇孙家的胜光宰。
36,江岩书法馆,全罗北道全州市完山区全州川东路74(校洞),#全州#文化空间#传统设施,063-285-7442,http://www.gangamseoye.com,,http://tour.jeonju.go.kr/planweb/upload/9be517a74f72e96b014f820463970068/inine/content/preview/f05a3efa-b2c1-4472-9d85-2d8d49542139.jpg.png,,,笔尖上的全州气息浓郁是国内唯一的书法专业展示馆由这位古装出身的书法家姜岩宋成勇题写。 展示着秋史金正喜昌岩李三万团员金弘道茶山丁若镛等宋成龙先生一生收集的1千多幅国内著名书法家的作品。 可以陶醉于艺乡书法之城全州的氛围。 堪称全州关卡的湖南第一门和湖南第一城的匾额也是江岩宋成镛先生的题字
37,牧牛轩,全州市 完山区 麒麟大路 88,#全州#文化空间#传统设施,063-286-9285,,,http://tour.jeonju.go.kr/planweb/upload/9be517a74f72e96b014f820463970068/inine/content/preview/5762b7fc-8b3b-4b6b-a81c-9896d7b74d59.jpg.png,,,融入木工艺的匠人气息的木牛轩木牛轩是技能传承人(2005-2号)金钟渊先生的展示馆和工作室是参观传统和现代工艺作品的场所。 展出的作品包括传统木枕茶食药果架子书角造型作品等生活用品和装饰品。
38,古典翻译教育院,全罗北道全州市完山区京畿田路125-7,#全州#文化空间#传统设施,063-283-5251,http://www.itkc.or.kr,,http://tour.jeonju.go.kr/planweb/upload/9be517a74f72e96b014f820463970068/inine/content/preview/e45fa680-fdb3-4f7c-8ebf-315237192487.jpg.png,,,为期3年的夜间教育每周有4天。
39,全州传统韩智园,全罗北道全州市完山区韩纸街100-10,#全州#文化空间#传统设施,063-212-9069,http://www.hanzi.co.kr,,http://tour.jeonju.go.kr/planweb/upload/9be517a74f72e96b014f820463970068/inine/content/preview/30f968e0-a37b-46c1-8a53-44fe89687fec.jpg.png,,,再现传统韩纸制造技法的全州传统韩纸园全州传统韩纸园是生产蕴含千年精神的纯韩纸的地方。 这里生产的韩纸的80%以上出口到日本剩下的则在国内消费。 与其它纸张不同韩纸是蕴含着祖先匠人精神的珍贵遗产韩纸本身就是一件艺术品。 在这里可以学习韩纸制作过程如制作韩纸织纹晾晒等。
40,全州乾芝图书馆,郴州市德津区护城路25号,#全州#文化空间#图书馆,063-281-6606,http://lib.jeonju.go.kr,,http://tour.jeonju.go.kr/planweb/upload/9be517a74f72e96b014f820463970068/inine/content/preview/92a40c2f-040e-4ca2-a6a3-be6d626214af.jpg.png,,,于 2015 年 4 月 14 日开馆的根治图书馆作为东部圈市民的知识信息及文化活动中心发挥着重要作用。规模:地上2层/用地(5359平方米)建筑物(1472.84平方米)运营时间及休馆日分类资料室阅览室普通资料室儿童资料室3月~10月11日~2月运营时间09 哺乳室(2楼幼儿室内)
41,全州金岩图书馆,郴州市德津区乌龟堡路13号,#全州#文化空间#图书馆,063-281-6448,http://lib.jeonju.go.kr,,http://tour.jeonju.go.kr/planweb/upload/9be517a74f72e96b014f820463970068/inine/content/preview/616c8703-cbf9-4780-8c69-828b76af1c04.jpg.png,,,1980年4月15日开馆的金岩图书馆是全州市民记忆最悠久的图书馆2015年7月为帮助市民使用便利改造资料室阅览室重新诞生为舒适的图书馆。规模:地上3层地下1层/占地20580m2的建筑物2664.98m2运营时间及休馆日分类资料室阅览室儿童资料室3月~10月11日~2月室(1楼儿童室内)
42,全州三千图书馆,郴州市完山区龙里路107号,#全州#文化空间#图书馆,063-281-6464,http://lib.jeonju.go.kr,,http://tour.jeonju.go.kr/planweb/upload/9be517a74f72e96b014f820463970068/inine/content/preview/29746c18-200a-4a8c-bdbb-1d7cfca3afb4.jpg.png,,,全州完山图书馆三千分馆于2001年2月开馆为市民提供多种文化图标营造读书文化环境。规模:地上2层地下1层/用地(3169平方米)建筑物(2712.18平方米)运营时间及休馆日分类资料室阅览室普通资料室儿童资料室3月~10月使用) / 哺乳室(一层儿童资料室内)
43,全州书信图书馆,全州市完山区西新川边14路10 (西新洞804),#全州#文化空间#图书馆,063-281-6550,http://lib.jeonju.go.kr,,http://tour.jeonju.go.kr/planweb/upload/9be517a74f72e96b014f820463970068/inine/content/preview/106e3787-c1bd-4c65-ba98-48b0d92958fb.jpg.png,,,西新洞居民中心和西新图书馆是位于大单位公寓密集地区的市立图书馆具有多种文化中心和终身教育功能。规模:图书馆(3~5层)/总面积(2594.3m2)用地(2016m2)运营时间及休馆日分类资料室阅览室普通资料室儿童资料室3月~10月 3楼)/哺乳室(3楼幼儿室内)
44,全州松川图书馆,全州市德津区솔내路212,#全州#文化空间#图书馆,063-281-6510,http://lib.jeonju.go.kr,,http://tour.jeonju.go.kr/planweb/upload/9be517a74f72e96b014f820463970068/inine/content/preview/4960e797-7099-4b89-a888-bd6acfab3659.jpg.png,,,2005年12月26日开馆的松川图书馆为北部圈的市民提供了多样的读书文化项目作为终生教育中心发挥作用。规模:地上3层地下1层/用地(5277m2) 建筑物(3367m2) 运营时间及休馆日分类资料室 阅览室 普通资料室 儿童资料室 3月~10月11~2月卫生间 1楼3楼女卫生间(2楼)/哺乳室(1楼幼儿资料室内)
45,全州亚中图书馆,全州市德津区武三支二路7,#全州#文化空间#图书馆,063-281-6484,http://lib.jeonju.go.kr,,http://tour.jeonju.go.kr/planweb/upload/9be517a74f72e96b014f820463970068/inine/content/preview/9a2e8257-c370-44ad-8489-0d33dd8bb403.jpg.png,,,2013年3月20日开馆的亚中图书馆是培养梦想和想象力的儿童创意图书馆由与普通图书馆不同的儿童特色图书馆构成。规模:地上3层地下1层/用地(1430平方米)建筑物(2793平方米)运营时间及休馆日分类资料室普通资料室儿童资料室幼儿资料室运营时间09:00~22:00配套设施(幼儿创意教育馆童话创意体验馆礼堂教室休息室)残疾人卫生间(2层女性)哺乳室(1层幼儿资料室内)
46,全州完山市立图书馆,全州市完山区昆池山四路12 (东莞山东464-1),#全州#文化空间#图书馆,063-287-6417,http://lib.jeonju.go.kr,,http://tour.jeonju.go.kr/planweb/upload/9be517a74f72e96b014f820463970068/inine/content/preview/fde37fb3-9583-4a47-acf3-0a3df37d9064.jpg.png,,,1989 年开馆的完山洞全州市立图书馆是全州市11 家图书馆中本馆藏书最多的图书馆。规模:A栋(地下1~地上3层)B栋(地上3层)分馆(地上2层)/用地(7424平方米)建筑物(66~10平方米)运营资料及馆残疾人卫生间(B栋12层A栋1层男女卫生间共同使用)/哺乳室:无
47,全州麟后图书馆,全州市德津区安德院路349,#全州#文化空间#图书馆,063-281-6409,http://lib.jeonju.go.kr,,http://tour.jeonju.go.kr/planweb/upload/9be517a74f72e96b014f820463970068/inine/content/preview/8c63e892-3f74-479b-bd94-eaa8a5ea83d0.jpg.png,,,1996年12月19日开馆的麟后图书馆位于公寓密集地区内为地区居民的读书文化环境的营造做出了贡献而且视野开阔学习氛围良好是深受考生和就业准备生欢迎的图书馆。规模:地上3层地下1层/用地(5596平方米)建筑物(2519.21平方米)运营时间及休馆日分类资料室阅览室儿童资料室3月~10月09日 共同使用) / 哺乳室(一层儿童资料室内)
48,全州云图书馆,全州市德津区汝岩二街9,#全州#文化空间#图书馆,063-281-6527,http://lib.jeonju.go.kr,,http://tour.jeonju.go.kr/planweb/upload/9be517a74f72e96b014f820463970068/inine/content/preview/5c84a35b-41b6-4064-9581-87b22c5d7c0a.jpg.png,,,2014年5月16日开馆的云图书馆是北部地区的知识信息文化的摇篮是生产流通消费具有地区特色的文化信息的知识信息基础空间构成。规模:图书馆(3~4层)/占地面积(1878平方米)建筑物(4432.56平方米)运营时间及休馆日分类资料室阅览室普通资料室儿童资料室3月~10月
49,全州和平图书馆,全州市完山区和平14路27-51,#全州#文化空间#图书馆,063-281-6420,http://lib.jeonju.go.kr,,http://tour.jeonju.go.kr/planweb/upload/9be517a74f72e96b014f820463970068/inine/content/preview/d1a10319-6100-447d-8e5f-251826260c17.jpg.png,,,和平图书馆位于和平洞新城公园内是人口密集地区和平洞地区居民提高生活质量的终生学习中心。规模:地上3层地下1层/用地(15152平方米)总面积(2964平方米)运营时间及休馆日分类资料室阅览室普通资料室儿童资料室3月~10月11~2月楼层童话房内)
50,全州孝子图书馆,全州市 完山区 雨田路 181,#全州#文化空间#图书馆,063-281-6490,http://lib.jeonju.go.kr,,http://tour.jeonju.go.kr/planweb/upload/9be517a74f72e96b014f820463970068/inine/content/preview/4a05a738-c309-48c1-9448-c45ffab6f497.jpg.png,,,2016年8月16日开馆的孝子图书馆向全州西部地区市民提供知识信息发挥治愈文化空间的作用。规模:地上4层/占地面积(2500平方米)建筑(3220平方米)运营时间及休馆日分类资料室阅览室普通资料室儿童资料室3月~10月11日~12:00辽室内幼儿室)巴士普通190 (非全大学-和平洞综合店) 190 (和平洞综合店-非全大学) 61 (全州大学-非全大学) 104 (农水产市场-和平洞综合店) 61
51,艺苑,全罗北道全州市德津区加里内路122(德津洞一街),#全州#文化空间#文化中心,063-277-6437,,,http://tour.jeonju.go.kr/planweb/upload/9be517a74f72e96b014f820463970068/inine/content/preview/487667cb-1689-4bca-8aa1-fea21a49453a.jpg.png,,,○ 手艺教室(韩纸·七宝工艺) ○ 礼仪教室·风物教室 ○ 电脑(基础班·网络班) ○ 社团活动(纸娃娃·爵士舞·九连童话)
52,德津洞青少年文化之家,全罗北道全州市德津区麒麟大路541-11,#全州#文化空间#文化中心,063-273-7997,http://youthvision.or.kr/,,http://tour.jeonju.go.kr/planweb/upload/9be517a74f72e96b014f820463970068/inine/content/preview/891f1ec6-9afb-4e6b-b84b-b2614a83efe0.jpg.png,,,为我们社会的未来-青少年提供开发自身素质的空间运营健康文化创作活动的设施和项目。 希望能够成为青少年寻找幸福自我的空间。  >> 设施现状 – 信息空间:利用为知识化信息化时代准备的空间 * 网络展台 * 设施现状:利用网络11大影像编辑器 2大 ᄋ 设施24席) – 设施使用:家庭单位电影欣赏主题电影放映视频崎活动小规模活动 – 视频欣赏室 – 设施现状: 29寸 电视监视器 视频(dvd兼用) 用于享受空间 – 袖珍球 – 设施现状:袖珍球 台球 – 设施利用:青少年ca活动 袖珍球 联谊会 >> 主要节目 青少年文化活动领域 - 音乐家教室 – 企划活动 - 青少年文化学校社团创作发表会
53,三千文化之家,全罗北道全州市完山区巨马中央路49,#全州#文化空间#文化中心,063-224-3088,http://3000.jjcp.or.kr,,http://tour.jeonju.go.kr/planweb/upload/9be517a74f72e96b014f820463970068/inine/content/preview/a44520e7-f285-4936-8b0c-0826ac238dcd.jpg.png,,,从 2014 年起由(社)传统艺术院母乐负责运营三千文化之家。 三千文化之家是通过文化和艺术与地区及人见面的空间。 以地区居民为主体打造并享受三千地区文化艺术的文化乐园。 另外对于想通过文化艺术成为彼此沟通和生活的乐趣和活力的人来说这里也是开放的地方。 使用指南全州市民任何人都可以免费使用。录像图书等可在文化之家随时使用(使用时请在用户记录簿签名后使用。)咨询电话:063-224-3088 / 传真:063-224-3089 设施现状 财智:全州市完山区巨磨中央路 49 三千2洞居民中心2楼(560-807)
54,率内青少年训练馆,全罗北道全州市德津区东部大路1079(松川洞二街),#全州#文化空间#文化中心,063-278-4288,http://www.solnaeyouth.com,,http://tour.jeonju.go.kr/planweb/upload/9be517a74f72e96b014f820463970068/inine/content/preview/d3debb94-7f84-4a16-bf66-f3f88b0e7e31.jpg.png,,,青少年可以在日常生活中利用业余时间培养多种文化体验和信息化能力的全州市立松内青少年修炼馆在松川洞拥有尖端信息文化设施于2002年3月以地区社会青少年和地区居民为对象开馆。  [主要节目] * 常规节目* - 歌谣舞蹈 月火秀 - 折纸花木 - 风物教室 月水金 - 健美操 月~土 - 舞蹈运动水金 - 风
55,完山青少年文化之家,全罗北道全州市完山区仙游二路37(中华山东二街),#全州#文化空间#文化中心,063-226-5193,http://www.youngi.or.kr,,http://tour.jeonju.go.kr/planweb/upload/9be517a74f72e96b014f820463970068/inine/content/preview/25194b6d-db42-410e-9749-efe6a53b2076.jpg.png,,,[设施内容] ᄋ 文化体验空间 - 网络空间: 可以自由利用网络搜索所需信息的空间 - Video Booce: 可以选择有趣有益的电影进行观看的空间 - 电脑教育室:    - 野外休息场所: 实现地区居民和青少年多样见面的空间 - 多功能室: 可以体验小规模公演电影欣赏作品展示会等的空间 - 体力锻炼室: 通过运动培养体力谋求友谊的空间琳怡风物教室儿童乱打教室儿童鼓教室 - 创意性开讲项目儿童生活工艺儿童折纸儿童美术指导 > 特别项目 - 传统游戏表演(每年一次) - 暑假体验学校 风物社团(12个组) - 电脑社团(4个组) - 集体社团(4个组) - cosplay社团(3个组) - 戏剧社团(1个组) - 手语社团 电脑灯 > 妈妈教室 - 上半年9个讲座 - 下半年9个讲座 电脑教室 网络基础教室 沃德资格证教室 长鼓教室 风物教室 卡拉OK教室 韩纸工艺指导教室
56,优雅文化之家,全罗北道全州市德津区牛牙二路25,#全州#文化空间#文化中心,063-245-8455,http://wooa.jjcp.or.kr,,http://tour.jeonju.go.kr/planweb/upload/9be517a74f72e96b014f820463970068/inine/content/preview/1f922292-ead6-4607-910a-3e165198f6aa.jpg.png,,,优雅文化之家于2002年3月开馆是为体验多种文化信息和各种健康的文化活动而准备的舒适高质量的文化空间和设施的小规模复合文化空间。 位于德津区优雅1洞居民中心2楼的优雅文化之家通过向文化上受到冷落的邻居提供文化.福利服务在提高他们的生活质量方面起到了催化剂的作用。 使用指南全州市民任何人都可以免费使用。 访问者请登录服务台的访问录后使用。 图书为每人3本10日可贷咨询电话:063-245-8455设施现状联谊会活动空间社团室(隔音设施)居民自选空间使用指南团体室和个人练习社团。 使用时间:平日周六 休馆09:00~19:00~10:00~17:00 国庆日 公休日 周日
57,麟后文化之家,全罗北道全州市德津区甄萱路290,#全州#文化空间#文化中心,063-247-8800,http://inhoo.jjcp.or.kr,,http://tour.jeonju.go.kr/planweb/upload/9be517a74f72e96b014f820463970068/inine/content/preview/0794f9b2-8ba7-4675-8d79-08c749449763.jpg.png,,,在咽喉文化之家生活成为文化生活的人们成为生活的教科书用每个人的事迹描绘着任何人都认同的地点——生活的文化地图。 在咽喉文化之家不仅有对实际生活有用的常设项目还有各机构联系项目体验项目艺术营各种免费讲座等等待着大家。 从2012年9月开始除了文化空间之外还运营着生活街附近珍贵的读书空间——小图书馆希望大家多多利用。  使用指南全州市民任何人都可以使用。 访问者请在服务台填写用户记录簿后使用。文化之家常设项目受理时间/每月25日~30日文化之家图书租赁时间/每人2本10日咨询电话:063-247-8800使用时间:周日周六休息10:00~18:00。
58,全州市青少年文化之家,全北全州市完山区勿雷방一街 43-68 (太平洞),#全州#文化空间#文化中心,063-273-5501,http://www.jeonju1318.or.kr/,,http://tour.jeonju.go.kr/planweb/upload/9be517a74f72e96b014f820463970068/inine/content/preview/435b35c0-a61b-4507-b6cc-d583b826322b.jpg.png,,,☞ 年度活动 - 学期中文化教育项目:3~6月(春季学期) 9~10月(秋季学期) - 假期特讲文化教育项目:1月(冬季) 8月(夏季) - 公共青少年 周一至周六:am 09:00~pm 08:00 .周日:am 11:00~pm 06:00 .假期:am 10:00~pm 08:00 ☞ 使用费用:每小时500韩元房间(初中高中生10名)-科学社团:jy(高中生28名)☞药道和交通线-交通线:从市内公交车德津区方向到中央教堂前下车。 从完山区方向到科阿百货前下车。
59,全州市青少年咨询福利中心(YWCA),全北全州市完山区龙头路98(孝子洞一街),#全州#文化空间#文化中心,063-227-1005,http://www.jjsangdam.or.kr,,http://tour.jeonju.go.kr/planweb/upload/9be517a74f72e96b014f820463970068/inine/content/preview/a8283fb0-f2ac-4ec1-8862-5ecfa94df821.jpg.png,,,在这里当我累得心烦意乱的时候可以敞开心扉谈心。全州市青少年咨询福利中心是以《青少年福利支援法》第29条为依据由全州市受全州YWCA委托运营的青少年咨询福利专门机构为全州市青少年健康成长开展多种咨询福利工作。为有效应对最近变化的青少年问题通过青少年相关机构间的联系帮助危机青少年构建并运营全州青少年综合支援体系(CYS-Net)并亲自前往中古危机青少年咨询。仅使用指南使用对象为9岁~24岁青少年父母及教师咨询内容学校不适应学校暴力人际关系就业年龄飞行等时间:周一~周五9:00~13:00(假期中18:00)使用方法电话咨询商谈电话(063-236-1388或无国号1388) > 咨询 > 咨询及心理检查连接 / 帮助机构联系来访商谈电话 > 咨询预约(负责人)
60,全州市青少年自由中心,全罗北道全州市德津区西归路107(八福洞三街),#全州#文化空间#文化中心,063-211-7401,,,http://tour.jeonju.go.kr/planweb/upload/9be517a74f72e96b014f820463970068/inine/content/preview/c5db4145-bfcd-4ac9-9e21-88a16fb825ae.jpg.png,,,主要项目内容1. 踩点学校1) 教育期间及构成(1) 一周制 三周制 四周制 短期型 (2) 周一-周五 每周五 授课 课程 企划项目)特别节目:利用瑜伽优美的韩语(国语)数学亲近(数学)英语游戏(英语)钢琴演奏国乐及风物演奏制作李·美容化妆乐器演奏。 提高执行能力训练活动 3.其他项目1)地区居民和谐项目:免费使用风物电影鉴赏网络等设施和项目2) 常绿村(租赁公寓):通过和谐广场电影鉴赏咨询多种文化共同体活动 73-1 80 84 74 70-1 78-4 77 46-1 87-1 6 229 59-7
61,晋北文化之家,全罗北道全州市德津区八达路340-30,#全州#文化空间#文化中心,063-275-0186,http://jinbuk.jjcp.or.kr,,http://tour.jeonju.go.kr/planweb/upload/9be517a74f72e96b014f820463970068/inine/content/preview/08e22314-ab15-4f60-8f60-b2f1738fd4a7.jpg.png,,,晋北文化之家所在的晋北洞位于全州市中心是具有旧市中心和新市中心中间地带传统和现代尚存的副都心特性的地区。 根据全州市长期发展规划还被列为文化艺术圈。以生活中的文化艺术空间为宗旨的镇北文化之家是没有门槛的文化空间是村共同体主人公市民学习沟通参与的文化艺术活动的基础和基础。使用指南全州市民任何人都可以免费使用。 访问者请在服务台填写用户记录簿后使用。 CD唱片图书录像带等经常在文化之家使用。 咨询电话:063-275-0186 / 传真:063-271-0187 使用时间:平日周六休息10:00-19:00-10:00-17:00 周日公休日
62,孝子文化之家,全北全州市完山区江边路180,#全州#文化空间#文化中心,063-228-9076,http://hyoja.jjcp.or.kr,,http://tour.jeonju.go.kr/planweb/upload/9be517a74f72e96b014f820463970068/inine/content/preview/a8221ef0-304c-445e-a5af-554349985e70.jpg.png,,,我们的生活有香气是通过创造性的文化活动实现的。 只要充满我们社会的香气就能具备文化城市的面貌。 生活之花是文化活动。侍弄生活之花不是别人地。 关注自己的生活装饰自己是人可能像花朵一样美丽的道路。 孝子文化之家梦想着在分享的空间里营造生活造福社会的创造空间想和大家一起创造。 使用指南全州市民任何人都可以免费使用。 访问者请在服务台填写用户记录簿后使用。CD唱片图书录像带等经常在文化之家使用。 咨询电话:063-228-9074-6 / 传真:063-228-9075 使用时间:平日周六休息10:00-19:00-10:00-17:00 周日公休日
63,李智媛,全罗北道全州市完山区韩纸路106-2,#全州#文化空间#传统文化,063-232-3207,,,http://tour.jeonju.go.kr/planweb/upload/9be517a74f72e96b014f820463970068/inine/content/preview/22451a29-aca5-420d-ab17-6fe129d4631b.jpg.png,,,与韩纸相遇的令人惊讶的世界——李智媛传统韩纸工艺家金惠美子先生的住宅兼工作室——李智媛是能够接触多种韩纸工艺的地方几乎所有的家具都用韩纸作品装饰。
64,全罗北道优秀商品馆,全罗北道全州市完山区韩纸街110,#全州#文化空间#传统文化,063-288-0664,,,http://tour.jeonju.go.kr/planweb/upload/9be517a74f72e96b014f820463970068/inine/content/preview/ea60fc4a-e961-4911-a3e6-7de8d4c20136.jpg.png,,,全罗北道优秀商品馆是销售全罗北道知事认证商品的机构是同时进行各领域专家准备的各种体验活动的地方。  体验负责人:010-3656-0664 体验人员:50~60人体验活动 制作只属于我的彩色马克杯所需时间: 30分钟 体验费用: 8000韩元 制作名牌 体验时间: 30~
65,青乙传统文化院(礼仪教育院),郴州市完山区银行路22-6,#全州#文化空间#传统文化,063-232-6679,http://www.etiedu.co.kr,,http://tour.jeonju.go.kr/planweb/upload/9be517a74f72e96b014f820463970068/inine/content/preview/cd93130b-eaba-4beb-8f14-e3c43fdced13.jpg.png,,,清乙传统文化院是专门从事传统文化教育和体验学习的地方拥有可以体验传统礼仪传统文化的众多体验项目。教育项目青少年礼仪教育对象:小学生初中生高中生费用:每人100000韩元 可能人员:15~50名- 小学生(认证编号07474) 青乙传统文化院体验介绍日程 所需时间单位(理论)10:10 ~ 11:00 50 分 儿童礼仪教育2 行为礼仪(学习问候礼仪) 11:00 ~ 11:50 分 儿童礼仪教育3 服装礼仪(穿衣目的韩服)      20分钟入学和安全教育 09:20 ~ 10:10 50分钟青少年礼仪教育1 礼仪是什么?(理论)10:10 ~ 11:00 50分 青少年礼仪教育2 礼仪防卫正确的人事法 传统礼节 11:00 ~ 11:50 青少年礼仪教育3 着装礼仪 正确穿韩服的方法                  09:00 ~ 09:20 分 入学典礼和安全教育 09:20 ~ 10:10 50分 青少年礼仪教育1 礼节是什么?生/普通人群/上班族礼仪教育体验项目1日传统文化生活体验-一日生活体验项目A型青乙传统文化园体验指南时间文化体验名文化体验内容其他10:00~13:30 生活礼仪问候法      - 一日生活体验项目B型 青乙传统文化院体验指南 时间文化体验名文化体验内容 其他 10:00~11:30 生活礼仪问候(公共礼拜传统礼仪) 服装礼仪(服装礼仪之美)      茶的种类 泡茶喝法 13:30~15:00 声音体验 板索里学习时间 15:00~16:00 天然肥皂 MP 肥皂制作(添加韩方粉后融化) 韩服体验对象:
66,韩纸产业支援中心,全罗北道全州市完山区玄武一路20号,#全州#文化空间#传统文化,063-281-1530,http://www.hisc.re.kr,,http://tour.jeonju.go.kr/planweb/upload/9be517a74f72e96b014f820463970068/inine/content/preview/d88aad1c-e248-4357-a14a-6a6242733807.jpg.png,,,■ 韩纸织机:使用所有年龄/30分钟 / 500~2000元 ■韩纸工艺:所有年龄/ 60分钟 / 5000元 / 铅笔插头 饰品 手机链
67,鹤田信息化村,全罗北道全州市完山区鹤田街43鹤田敬老院,#全州#文化空间#农村村,063-221-4161,http://hj.invil.org,,http://tour.jeonju.go.kr/planweb/upload/9be517a74f72e96b014f820463970068/inine/content/preview/b0fe4d72-311e-4ea4-a02a-9a1e1e1a5f36.jpg.png,,,地处母岳山脚下空气宜人村庄人情丰富离市中心更近体验起来更方便邻近近郊的完山体联公园是一座可接触文化海泽的村落。 村庄特产 - 豆腐韩果酱汤等体验信息体验种类 运营时间 随时准备时间 (1次) 体验价格 赠送价格 最低 最多 豆腐 制作时间 1~27~8月除外田螺养殖场参观周末农场经营期:2017. 4. 1 ~ 12. 31(8个月)内龙 - 接受时间:每年2月中旬~ 3月末 - 接受方法:电话及网站销售情况:
68,南固事迹碑,全罗北道全州市完山区东西学洞山228,#全州#文化空间#乡土文化遗产,,,,http://tour.jeonju.go.kr/planweb/upload/9be517a74f72e96b014f820463970068/inine/content/preview/05ff9a6f-f1cf-469e-ba48-908c9e9830bf.jpg.png,,,该石碑记录了南固山城的修筑经纬和南固镇设置始末建于1846年(宪宗12年)。 飞信的高度为132厘米宽54厘米厚26厘米。 据悉石碑上的字只有昌岩两三万。                                    ○时代:朝鲜时代○规模:第一期
69,万景台岩刻书,全罗北道全州市完山区南高山一街,#全州#文化空间#乡土文化遗产,,,,http://tour.jeonju.go.kr/planweb/upload/9be517a74f72e96b014f820463970068/inine/content/preview/5c4d890c-9dba-4cd6-a823-f3ede5fe3651.jpg.png,,,万景台南侧的岩石上刻着万景台的字和郑梦周创作的诗。 此诗是圃隐郑梦周于1380年(高丽右王6年)作为李成桂的从业官在从云峰取完黄山大捷后在回去的路上登上此处为高丽担忧而作。                                     ○时代:朝鲜时代○规模:第一期
70,朴振孝子妃,全罗北道全州市完山区鄕校街139,#全州#文化空间#乡土文化遗产,,,,http://tour.jeonju.go.kr/planweb/upload/9be517a74f72e96b014f820463970068/inine/content/preview/6ba05d9d-b933-4c37-8578-3dd1c6293360.jpg.png,,,该石碑建于1398年(洪武31年)于1724年(庆宗4年)重刻。 碑阁内悬挂着1805年(纯祖5年)后人笔圣所建的全州府孝子朴真贞丽记。                                     ○时代:朝鲜时代○规模:第一期
71,全北大学石佛立像,全罗北道全州市德津区百济大路567,#全州#文化空间#乡土文化遗产,,,,http://tour.jeonju.go.kr/planweb/upload/9be517a74f72e96b014f820463970068/inine/content/preview/ac390749-baa9-401e-9d20-53fe1f9ec991.jpg.png,,,这尊佛像结了发只有身躯安放在台石上。 机身坚硬给人丰满的感觉但身体没有任何弯曲感给人抽象的感觉。 法医为左见偏端从肩到膝下穿内衣覆盖脚踝。                                    ○时代:高丽时代○规模:一期
72,全州柳氏时事资料,全罗北道全州市德津区安骨三街24,#全州#文化空间#乡土文化遗产,2016-11-30 全州市城乡文化遗产第6号,,,http://tour.jeonju.go.kr/planweb/upload/9be517a74f72e96b014f820463970068/inine/content/preview/c68c50ae-e508-47f7-9044-de99d041fd91.jpg.png,,,○时代:朝鲜时代○规模:第一期
