여행지이름,주소,태그,전화번호,홈페이지,영업일,이미지,OVERVIEW
0. 제주 펄 관광호텔,제주특별자치도 제주시 신대로20길 49 (연동),#숙박#제주도#제주숙소,064-742-9517  8,  http://pearlhotel.kr/index.php ,,https://support.visitkorea.or.kr/img/call?cmd=VIEW&id=93057cc1-2d76-41c3-9d7d-094c393f198a,제주 국제공항에서 택시로 5분 거리에 위치한 제주 펄 관광호텔은 각종 부대시설을 갖춘 새로운 스타일의 관광호텔로서 신혼여행 및 가족 관광길에 만날 수 있는 최적의 호텔이다. 
1. 호텔 삼정,서울특별시 강남구 봉은사로 150,#강남구#서울숙소#숙박,02-557-1221, http://www.samjunghotel.co.kr/ ,,https://support.visitkorea.or.kr/img/call?cmd=VIEW&id=009b3e3d-3c38-4f4a-b56f-e7e7039e2c86,서울 강남의 중앙에 위치한 호텔삼정은 역사와 전통을 자랑하는 명문호텔로서 자리매김해 왔다. 호텔삼정은 무엇보다도 빌딩식 비즈니스호텔의 답답함에 지친 고객을 위해 여유로운 공간과 정원  파크가 있는 고객의 쉼터로 편안함과 여유로움  한국적 정을 느낄 수 있는 호텔을 추구하고자 했다. 160실의 객실은 고급스러운 실내장식과 여유로운 공간구성을 통해 고객이 최대한 여유롭고 편안히 쉴 수 있는 공간을 마련했다. 층별로 다른 콘셉트의 객실들은  새로운 느낌으로 고객에게 다가간다. 약 3천여 평의 넓은 대지 위에 지상 12층  지하 2층으로 구성된 본관 건물과 지상 2층의 신관 건물은 절묘한 조화를 이루고 있으며  대형 연회/웨딩홀 3개  식음료 업장 5개가 마련되어 있고 여타 부대시설로는 사우나  관광극장  식당  웨딩갤러리 빌딩이 있다.  
2. 삼정,서울특별시 강남구 봉은사로 626,#맛집#음식,02-3447-3030, http://www.samjungbok.com ,연중무휴,https://support.visitkorea.or.kr/img/call?cmd=VIEW&id=8a8b9356-cad6-41e8-9ecb-256368fce52b,국내 최초 복 코스 요리 정착화에 성공한 소문난 복집이다. ‘복’이라는 한가지 테마를 식사 개념에서 종합 요리로 승화시켰으며 일본 현지의 유명업소와의 메뉴개발과 연구 활동도 활발하다. 특히 살아 있는 복어를 5분 안에 제독 처리하여 그 자리에서 바로 맛볼 수 있는 즐거움을 선사한다. 
3. 메트로호텔,서울특별시 중구 명동9가길 14,#서울숙소#숙박,02-752-1112,  http://www.metrohotel.co.kr ,,https://support.visitkorea.or.kr/img/call?cmd=VIEW&id=e5eb14bd-99e3-4240-80a6-ed49d2d817bf,아늑한 객실과 스타일리쉬한 디자인을 갖춘 메트로호텔은 서울에서도 명동 중심에 위치하여 고객 접근성을 극대화 하였으며  서울의 유명 관광지들이 호텔로부터 수분 거리에 위치하고 있다. 메트로호텔은 교통부 등록 1호인 대한민국 최초의 관광호텔로써 1960년 개관이래 고객만족을 위하여 노력해오고 있다.
4. 가락관광호텔,서울특별시 송파구 송파대로28길 5,#서울숙소#송파구#숙박,02-400-6641~3,  http://www.hotelkarak.com ,,https://support.visitkorea.or.kr/img/call?cmd=VIEW&id=3ff5062b-6193-4b14-ae9b-4c90c9b7d5c5,가락 관광호텔은 동양 최대의 가락동농수산물시장과 인접해 있고 주변에 잠실 롯데월드  올림픽공원  삼성의료원  현대아산병원  가든파이브  코엑스  도심 공항 터미널  잠실경기장 등이 근거리에 위치하여 비즈니스 스포츠 문화 건강의 중심에 있다.  
5. 라한호텔(구 베스트웨스턴 포항),경상북도 포항시 북구 삼호로265번길 1,#숙박#포항숙소,054-230-7000, http://www.hotelpohang.co.kr. ,,https://support.visitkorea.or.kr/img/call?cmd=VIEW&id=6f11bc98-9a2c-4f7e-81a8-1ad1712f8226,라한호텔은 포항을 대표하는 랜드마크 호텔로 영일대 해수욕장에 위치하고 있으며 전 객실 모두 아름다운 바다전망을 자랑한다. 포스코와 같은 주요 비즈니스 지역과도 인접해 있어 레저와 비지니스 고객 모두에게 최적의 환경과 서비스를 제공한다. 효율적인 공간 설계가 돋보이는 객실은 눈 앞에서 펼쳐지는 에메랄드 빛 바다 전망이 특별함을 더한다.
6. 그랜드 머큐어 앰배서더 창원(구 풀만 앰배서더 창원),경상남도 창원시 의창구 원이대로 332,#숙박#창원숙소,055-600-0700, https://pullman.ambatel.com. ,,https://support.visitkorea.or.kr/img/call?cmd=VIEW&id=c8ccf397-a978-4aa3-806b-77d22e7495bf,세계적 명성을 자랑하는 ACCOR계열 호텔  풀만 앰배서더 창원이  그랜드 머큐어 앰배서더 창원 (Grand Mercure Ambassador Changwon) 으로 새로운 도약을 한다. 브랜드 가치를 전달하는  차별화된 고객중심 서비스로 고객님을 모시고 있다. 경남의 랜드마크인 City7 Mall과 CECO 창원 컨벤션 센터와 나란히 인접하고 있어 다양한 대규모 국제행사를 유치할 수 있다. 또한 세련되고 현대적 감각의 321개의 객실의 안락한 침대와 최신식 시설의 부대시설  그리고 전통적인 향기를 느낄 수 있는 주변 창원의집등을 포함한 문화적 공간들은 레저 여행객과 비즈니스 여행객에게 이상적이다. 방문하시기에 김해 국제공항과 40분  KTX창원역/ 창원중앙역과는 10분 거리에 위치하여 교통이 매우 편리하다.
7. 창원 진해우체국,경상남도 창원시 진해구 백구로 40,#경상권#관광지#교과서속여행#문화재#역사#역사공부#역사를품은곳#역사문화재#역사속으로#역사유적#역사유적지#역사이야기#역사탐험#진해우체국,창원시 관광문화국 문화예술과(문화재) 055-225-3652  창원중앙역안내소 055-289-8815  진해우체국 055-542-0005,창원 문화관광  http://culture.changwon.go.kr    문화재청  http://www.cha.go.kr ,,https://support.visitkorea.or.kr/img/call?cmd=VIEW&id=1bd1e35c-e51b-4c2b-93f0-5e55be338f15,진해우체국은 1912년 1월 25일 준공된 우체국 건물이다. 설계자와 시공자는 알려져 있지 않다. Y형 도로의 중앙에 있는 삼각형의 대지 2 086m²(631평) 위에 총건평 451.9m²(136.7평)으로 지은 단층  목조건물이다. 이 건물은 삼각형대지의 꼭지점을 정면으로 하고 있다.  즉  Y자 양측의 도로가 만나는 지점이 정면이 되는 것이다.  따라서 입구는 좁으나 건물 안으로 들어서면 점차 넓어지는 구조로 되어있다. 건물의 지붕은 원래 동판으로 덮고 사방에 난간을 둘렀으며 자연광의  일조량이 충분히 흡수되도록 반원형의 채광창을 설치하였다. 실내에 들어서면 한 단 높은 곳에 카운터를 두고  입구쪽 낮은 공간을 객장으로 반대쪽은 우편업무를 수행하는 곳으로 하고 있다. 건물의 양식은 일찍부터 이 지역에 러시아 공사관이 있었던 탓으로 러시아풍의 근대건축양식이다.   * 면적 - 3 996.1㎡ 
8. 강원 영월 김삿갓 [슬로시티],강원도 영월군 김삿갓면,#강원권#강원영월김삿갓#관광지#교과서속여행#사계절#슬로시티#아이와함께#역사#자연마을#자연좋은곳#자연환경#체험학습#휴식공간#휴식여행#휴식하기#휴식하기좋은곳,기획감사실(슬로시티) 033-370-2893,슬로시티  http://www.cittaslow.kr ,,https://support.visitkorea.or.kr/img/call?cmd=VIEW&id=a047348b-3aec-4d7a-80a7-86b77562db18,강원도 최남단에 자리한 영월군 김삿갓면은 강원도 최초로 국제슬로시티에 지정된 지역이다. 방랑시인 김삿갓 유적지 덕분에 고장 이름이   김삿갓면  이라 붙은 이곳은 자유로운 방랑자의 이름만큼 청정한 자연환경을 지키고 있어   청정 여행지  로 주목받고 있다.  청정한 자연환경을 잘 보존하고 있는 영월군은 천혜의 자연환경뿐만 아니라  전국에서 가장 많은 박물관을 품은 고장으로 꼽힌다. 총 24개의 박물관이 있는데 슬로시티 김삿갓면에   난고김삿갓문학관  과   영원동굴생태과      조선민화박물관   등 총 8개의 박물관이 자리한다. 삶에 대한 물질적 욕심 대신 오롯이 삶 자체에 집중한 방랑객의 흔적을 따라가며 그동안의 인생에 대해 돌아볼 수 있는 슬로시티이다. 
9. 상원사(원주),강원도 원주시 신림면 성남로 930,#강원권#관광지#교과서속여행#문화재#불교#불교문화#사찰#사찰여행#상원사#역사#자연환경#전통사찰#한국불교#휴식하기좋은곳,033-765-1608,,연중무휴,https://support.visitkorea.or.kr/img/call?cmd=VIEW&id=9c8bcf90-1a9b-4a21-b9ab-011c7b5d73cd,* 은혜갚은 꿩의 전설  상원사(원주) *  상원사는 치악산의 남쪽 끝 남대봉(1 182m) 기슭에  있는 절로 100평 남짓한 돌바닥 위에 세워져 있는데 절 앞 바위 틈에서는 시원한  샘물이 솟아오르고  그 앞에는 40여m의 벼랑 이 있으며 벼랑 끝에는 희귀한 계수나무  3그루가 서 있다. 치악산의 유래가 된 은혜 갚은 꿩의 이야기는 이 절에서 생겨난  전설이다. 상원사의 창건은 정확치 않으나 절에 있는 석탑등의 유물로 보아  신라시대에  창건된 것으로 추정된 다고 한다. 법당 앞의 석탑 2기는 고산사찰의 운치를 더욱  장엄하게 해주며  지방유형문 화재 25호로 지정되어 있다.   신림면 성남2리에 소재하고 있는 상원사는  치악산 남대봉 아래에 있는 사찰로서 신라 문무왕때 의상대사가 창건하였다는 설과  신라말 경순왕의 왕사였던 무착선사가 당나라에서 귀국하여 오대산 상원사에서 수도하던  중 문수보살에게 기도하여 관법으로 창건하였다는 설이 전해오고 있다.    창건 이후로 고려말에 나옹화상이 중창하였고  월봉·위학·정암·해봉·삼공·축념  등의 선사들이 이곳에서 수도하였으며 조선시대의 여러 왕들은 이 절에서 국태민안을  기도하게 하였다고 한다. 6.25전쟁 때 전소되어 폐허되었던 것을 1968년 당시 주지인  송문영 법사와 의성보살에 의하여 중신 복구되었다.   * 상원사의 유적 *  현존하는 건물로는 1984년 6월 2일에 문화재자료  제18호로 지정된 대웅전과 심우당·심검당·범종각·산신각 등이  있다. 대웅전을 중심으로 나란히 쌍탑이 있는데  이러한 쌍탑이 등장하는 시기는  대체적으로 삼국통일 이후로서 왕성한 국력에 의하여 전국도처에 유행하게 되었다.     이 석탑은 신라석탑의 정형을 따른 2중기단위에  3층 옥개를 형성하였으며  상부 상륜부는 둥글게 연꽃봉오리 모양을 새겨 일반 탑에서  보기 어려운 양식을 나타내고 있다. 
10. 대한제국군 서울시가 전투지,서울특별시 중구 세종대로 39,#관광지#대한제국군서울시가전투지#수도권#역사#역사공부#역사를품은곳#역사속#역사속으로#역사유적#역사유적지#역사이야기#역사탐방#역사탐험#현충시설,서울상공회의소 02-6050-3205,국가보훈처 현충시설 정보 서비스  http://mfis.mpva.go.kr/main.do ,,https://support.visitkorea.or.kr/img/call?cmd=VIEW&id=9b4820bc-b604-4a79-b61d-a70f2cc043e2,1907년 통감부가 대한제국 군대해산을 통고하자 제1연대 1대대장 박승환은 대한제국군의 해산 소식에 격분해  군인으로서 나라를 지키지 못하고 신하로서 충성을 다하지 못하였으니 만 번 죽은들 무엇이 아깝겠는가. 라는 말을 남기고 자결을 택했다. 이를 본 장병들이 대대 일부 장교들의 지휘에 따라 무기고를 부수고 총을 꺼내 일본군과 교전을 시작하였다. 대한제국군 장병들이 분투했으나 현격한 전력의 차이로 인하여 시가전은 일본군의 승리로 끝나고 말았다. 이 전투에서 대한제국군은 장교 11명 등 68명이 전사하고 100여명이 부상당했다. 해산된 대한제국의 군인들은 의병에 합류했고 항일의병의 전력이 예전과는 비교 할 수 없을 만큼 강해졌다. 현재는 서울대한상공회의소 부지로 건물 오른쪽 화단에 현충시설 안내판이 설치되어 있다. 
11. 김익상 의거지,서울특별시 중구 소파로 126,#관광지#교과서속여행#김익상의거지#수도권#역사#역사공부#역사관광지#역사를품은곳#역사문화재#역사속#역사속으로#역사유적#역사유적지#역사이야기#역사탐방#역사탐험#현충시설,서울시청 문화융합경제과 02-2133-2597,국가보훈처 현충시설 정보 서비스  http://mfis.mpva.go.kr/main.do ,,https://support.visitkorea.or.kr/img/call?cmd=VIEW&id=6dee40c2-a567-40c5-97ff-61e508a6e026,김익상은 1895년 평남 강서에서 태어나 평양 숭실학교를 졸업하고  서울로 와서 광성연초공사의 기계감독으로 한동안 근무하였다. 그후 중국으로 건너간 김익상은 북경에서 김원봉을 만나 의열단에 입단하였다. 의열단에서 조선총독부 폭파 지령을 받고 서울로 잠입한 김익상은 1921년 9월 12일 전기수리공으로 가장하고 남산 중턱 왜성대 조선총독부 청사에 들어가 비서과 인사계실과 회계과에 폭탄 2개를 던졌다. 이 가운데 하나는 불발하고 회계과에 던진 폭탄이 터져 기물을 파손하였으나 인명피해는 없었다. 거사 직후 피신하여 북경으로 돌아온 김익상은 1922년 2월 상해로 가서 동지 오성륜과 함께 2월 28일 오후 3시 반경 상해 세관 부두에서 필리핀에서 도착한 일본 전육군대신 다나카 기이치[田中義一] 육군대장을 향해 폭탄을 던지고 총탄을 발사하였으나 소기의 성과를 거두지 못하고 체포되어 일본 나가사키[長崎]형무소에서 옥고를 치르다 순국하였다. 현재는 서울애니메이션 센터 부지로 의거지임을 알리는 표지석이 설치되어 있다. 
12. 이충순 자결 터,서울특별시 중구 서소문로 88,#관광지#수도권#역사#역사공부#역사를품은곳#역사속#역사속으로#역사유적#역사유적지#역사이야기#역사탐방#역사탐험#이충순자결터#현충시설,서울시 역사문화재과 02-2133-2637,국가보훈처 현충시설 정보 서비스  http://mfis.mpva.go.kr/main.do ,,https://support.visitkorea.or.kr/img/call?cmd=VIEW&id=101f51eb-1096-4e24-9b80-1404c65c39de,이충순 지사는 충청남도 홍성(洪城) 출신이다. 일찍이 군문에 들어가 1902년 7월에 육군보병 참위(參尉)로 임관되었다. 1905년에 군인구락부를 조직하고 구국운동을 전개하였다고 한다. 1907년 정미7조약(丁未七條約)이 체결되고 이어서 비밀각서에 의하여 한국군마저 강제 해산되기에 이르렀다. 8월 1일 시위대(侍衛隊)가 전격적으로 해산 당하자 이를 거부하고 이러한 사태에 대처하여 미리 파견된 일군과 경성에서 접전하던 중 크게 부상을 당하였다. 적에게 사로잡히게 될 위기에 처하자  그는 즉석에서 자결하여 체포당하는 수모를 받지 않았다. 정부에서는 고인의 공훈을 기리어 1990년에 건국훈장 애국장(1977년 건국포장)을 추서하였다. 중앙일보 빌딩 앞 화단에 서울시에서 설치한 표지석이 자리하고 있다. 
13. 신석구 사택 터,서울특별시 중구 청계천로 100,#관광지#수도권#신석구사택터#역사#역사관광지#역사를품은곳#역사문화재#역사속#역사속으로#역사유적#역사유적지#역사이야기#역사탐방#역사탐험#현충시설,서울 중구청 02-3396-5319,국가보훈처 현충시설 정보 서비스  http://mfis.mpva.go.kr/main.do ,,https://support.visitkorea.or.kr/img/call?cmd=VIEW&id=4286ee87-0499-4bf6-83d7-cadc060d02d4,신석구는 충북 청주군 미원면 금관리에서 태어났다. 15세때 고향을 떠나 방랑생활을 할 때 친구 김진우의 전도로 기독교로 개종하고 신앙생활을 시작하였다. 그는 1908년 정식으로 전도자의 길을 가게 되었는데 1918년에는 서울 수표교 교회에 파송 받아 목회하는 중에 3·1운동에 민족대표 33인중 1인으로 참여하였다. 1919년 2월 27일 기독교 측 대표들이 정동교회 이필주 목사 집에 모여 독립선언서에 서명할 때 신석구도 참여하여 서명하였다. 3월 1일 명월관 지점에 모일 때도 참여하여 독립선언 후 체포되어 2년 반의 옥고를 치루게 되었다. 1921년 11월 4일 출옥 후에는 목회에 임하였다. 천안교회의 목회 중에는 신사참배 반대투쟁을 일으켜 믿음을 지키도록 하다가 다시 체포되어 중형을 받아 중한 병을 얻고 석방되었다. 그 후 1939년 일제의 신사가 없는 평남 용강군 신유리교회  유사리교회  문애리교회에서 목회하다가 1945년 5월 전승기원 예배와 일장기 게양을 거부했다는 이유로 용강경찰서에 연행되어 감옥에서 해방을 맞았다. 
14. 이재명 의거지,서울특별시 중구 명동길 74,#관광지#수도권#역사#역사공부#역사를품은곳#역사문화재#역사속#역사속으로#역사유적#역사유적지#역사이야기#역사탐방#역사탐험#이재명의거지#현충시설,서울시 중구청 02-3396-5319,국가보훈처 현충시설 정보 서비스  http://mfis.mpva.go.kr/main.do ,,https://support.visitkorea.or.kr/img/call?cmd=VIEW&id=4cd9c988-d724-42e5-bbd6-2804814426d0,1909년12월22일 청년지사 이재명이 친일 매국노 이완용을 처단하기 위해 의거한 곳으로 서울시에서 설치한 표지석이 자리하고 있다. 
15. 솔라리아 니시테츠 호텔 부산(구 베스트웨스턴 UL 부산),부산광역시 부산진구 서면로 20,#부산숙소#숙박,051-802-8586, http://nnr-h.com/solaria/busan/korean ,,https://support.visitkorea.or.kr/img/call?cmd=VIEW&id=5151f2a3-1f2c-455d-8211-efc21c4c90f2,솔라리아 니시테츠 호텔 부산은 금융  쇼핑  관광  의료  비즈니스의 중심인 부산 서면의 랜드마크이다. 다양한 객실을 보유하고 있으며  세심한 서비스와 합리적인 가격으로 소중한 비즈니스와 즐거운 여행 모두 즐길 수 있는 호텔이다.
16. 정동교회 이필주 사택 터,서울특별시 중구 정동길 46,#관광지#수도권#역사#역사관광지#역사를품은곳#역사문화재#역사속#역사속으로#역사유적#역사이야기#역사탐험#이필주사택터#정동교회#현충시설,정동제일감리교회 02-753-0001,국가보훈처 현충시설 정보 서비스  http://mfis.mpva.go.kr/main.do ,,https://support.visitkorea.or.kr/img/call?cmd=VIEW&id=c70cc4e8-49f5-44fa-9489-f6d23e689e09,3·1운동에 앞서 제2  3차 학생단 간부회와 기독교계 대표들이 회합을 가졌던 이필주 목사의 사택이 있던 곳. 목사의 사택에서는 2월 25일  26일 학생 대표들이 모여 독립운동 참여 방안을 논의하였고  2월 28일에는 학생대표들에게   독립선언서  를 배부하기 위한 모임이 열렸다. 또한 이곳에서 기독교계 대표들이 모여 독립선언에 참여할 기독교측 민족대표의 인선을 마무리 지었다. 1918년부터 정동교회를 담임하던 이필주 목사는 3·1운동 추진계획을 듣고 그 취지에 동의하여 민족 대표 33인의 한 사람으로   독립선언서  에 서명하였고  이로 인해 2년 여의 옥고를 치렀다. 
17. 마포전차종점 3·1운동 만세 시위지,서울특별시 마포구 마포대로 20,#3·1운동_100주년_여행지추천#관광지#마포전차종점3·1운동만세시위지#수도권#역사#역사공부#역사관광지#역사를품은곳#역사문화재#역사속#역사속으로#역사유적#역사유적지#역사이야기#역사탐험#현충시설,(재)대한불교진흥원 02-719-1855,국가보훈처 현충시설 정보 서비스  http://mfis.mpva.go.kr/main.do ,,https://support.visitkorea.or.kr/img/call?cmd=VIEW&id=8eded65c-2011-476e-9aa4-1e028fd2c205,1919년 3월 1일 오후 8시경 약 1천명의 군중이 모여 독립 만세시위를 벌인 장소로 현재는 불교방송국이 있는 다보빌딩이 자리하고 있다. 만세시위지임을 알리는 표지석이 건물 앞 화단에 설치되어 있다. 
18. 맥아더 사령관 한강방어선 시찰지,서울특별시 영등포구 신길로 275,#관광지#맥아더사령관한강방어선시찰지#수도권#역사#역사공부#역사를품은곳#역사문화재#역사속#역사속으로#역사유적#역사유적지#역사이야기#역사탐방#역사탐험#현충시설,서울시 공원조성과 02-2133-2076,국가보훈처 현충시설 정보 서비스  http://mfis.mpva.go.kr/main.do ,,https://support.visitkorea.or.kr/img/call?cmd=VIEW&id=ca8e3d55-732d-4a1b-ab42-27f62b3753f9,맥아더 사령관이 1950. 6. 29. 도쿄에서 날아 와 수원비행장에서 내려 이승만 대통령과 채병덕 육군참모총장이 참석한 가운데 전쟁상황에 관한 브리핑을 실시하였다. 맥아더는 직접 전선을 시찰하기로 하고 시흥지구전투사령부 김종갑 작전처장과 동행하여 한강전선이 보이는 신길동 근처에서 전황을 관측하였다. 이때 맥아더 사령관이 한강 남쪽을 지키고 있던 한 병사에게  너는 이곳을 얼마 동안 지킬 수 있다고 생각하는가? 라고 질문하자  병사가  상관이 철수명령을 내릴 때까지 지키겠다 고 답변하여 그럴 감동시켰다. 맥아더장군의 현지 전선 방문은 후퇴를 거듭하던 한구군의 사기를 크게 고무시켰다. 이와 더불어 인천상륙작전의 아이디어를 얻는데도 큰 도움이 되기도 하였다. 그는 1951년 4월 해임되기 전까지 한국전선을 10회 이상 방문하였다. 당시 시찰지는 영등포공원 앞 도로로 추정되며 영등포공원 내 분수대 인근에 현충시설 안내판이 설치되어 있다. 
19. 영해향교,경상북도 영덕군 영해면 예주8길 14-5,#경상권#관광지#교과서속여행#문화재#역사#역사공부#역사관광지#역사를품은곳#역사문화재#역사속#역사속으로#역사유적#역사유적지#역사이야기#역사탐방#영해향교#향교,영덕군 문화관광과(문화재) 054-730-6296,영덕 문화관광  http://tour.yd.go.kr   문화재청  http://www.cha.go.kr ,,https://support.visitkorea.or.kr/img/call?cmd=VIEW&id=c0a66478-177c-4605-96cd-b5865dec8b2a, 1346년(충목왕 2)에 장서기(掌書記)·이천년(李天年)이 향중의 노소들과 협의하여 현재의 위치에 대성전과 동무(東廡)·서무(西廡)를 창건하고 영해향교라 하였다. 그 뒤 1529년(중종 24)에 부사 공서린(孔瑞麟)이 명륜당과 태화루(太和樓)를 건립하여  현유(賢儒)의 위패를 봉안  배향(配享)하고 지방민의 교육과 교화를 담당하였다. 1590년(선조 23)에 대대적으로 보수하였으며  임진왜란 때 소실되었다가 1671년(현종 12)에 명륜당을 중수하고  1706년(숙종 32)에 대대적으로 중건하였다. 1800년(순조 즉위년)에 향원(鄕員)과 유생들이 중수하고 1838년(헌종 4)에 다시 중수하였다. 1940년대 초에 영덕 군수 임경선(任景善)이 1군 1향교제에 따라 관내 영해향교를 철폐시키고 영덕향교에 통합하였다. 그 뒤 6·25전쟁으로 영덕향교가 소실되어 영해 주민들을 중심으로 향교 복설을 추진  1979년에 대성전을 비롯한 건물을 중건하고 영해향교라 하였다. 조선시대에는 국가로부터 토지와 전적·노비 등을 지급받아 교관이 교생 70명을 가르쳤으나  갑오경장 이후 신학제 실시에 따라 교육적 기능은 없어지고 봄·가을에 석전(釋奠：공자에게 지내는 제사)을 봉행하며 초하루·보름에 분향하고 있다. 현재 전교(典校) 1명과 장의(掌議) 수명이 운영을 담당하고 있다.  
20. 가평향교,경기도 가평군 가평읍 향교로 23-1,#가평향교#관광지#수도권#역사#역사공부#역사관광지#역사를품은곳#역사문화재#역사속#역사속으로#역사유적#역사유적지#역사이야기#역사탐방#역사탐험#유적지#향교,031-580-2063,가평 문화관광  http://www.gptour.go.kr ,,https://support.visitkorea.or.kr/img/call?cmd=VIEW&id=ad1fe2eb-2a0f-42c3-b4cb-ad141186e0cd,1398년(태조 7)에 현유(賢儒)의 위패를 봉안  배향하고 지방의 중등교육과 지방민의 교화를 위해 창건되었다. 1979년에 부속건물을 신축  보수하고 1980년에 재실(齋室)을 신축함과 동시에 전체 건물을 보수하였다. 현존하는 건물로는 대성전·명륜당·동재(東齋)·서재(西齋)·내삼문(內三門)·제기고(祭器庫) 및 기타 부속건물이 있다. 대성전에는 5성(五聖)  송조 2현(宋朝二賢)  우리나라 18현(十八賢)의 위패를 봉안하고 있다. 조선시대에는 국가로부터 전답과 토지·전적 등을 지급받아 교관이 교생을 가르쳤으나  현재는 교육적 기능은 없어지고 봄·가을에 석전(釋奠)을 봉행(奉行)하고 있으며  전교(典校) 1명과 수명의 장의(掌議)가 운영을 담당하고 있다. 이 향교에서는 방학 동안 명륜학당(明倫學堂)을 개설하여 지방의 중등학생들에게 전통교육 등을 실시하고 있다. 
21. 천은사(삼척),강원도 삼척시 미로면 동안로 816,#강원권#관광지#사찰#역사#역사공부#역사관광지#역사를품은곳#역사문화재#역사속#역사속으로#역사유적#역사유적지#역사이야기#역사탐방#역사탐험#천은사#풍경좋은곳,033-572-0221,삼척 천은사  http://cafe.daum.net/cheoneunsa ,연중개방,https://support.visitkorea.or.kr/img/call?cmd=VIEW&id=0a575bb3-dc9f-41d7-adcb-37c3a44acf06,천은사는 이승휴가 한민족의 대서사시인 제왕운기를 저술한 곳이다. 창건역사는 경덕왕 17년(738년) 인도에서 두타의 세 신선이 흰 연꽃을 가지고 와서 창건했다는 백련대까지 거슬러 올라간다. 그 뒤 흥덕왕 4년(829년)에 범일국사가 극락보전을 건립함으로써  사찰의 면모를 갖추기 시작했다. 고려 충렬왕 때 이승휴가 중수하고 이 곳에서 대장을 다 읽었다는 뜻에서 간장이라 하였고 조선 선조 때 청허 서산대사가 절을 중건하고 흑악사라 하였다. 다시 1899년 이성계 4대조의 묘인 목조릉을 미로면 활기리에 만들면서   이 절을 원당사찰로 삼고 `임금의 은혜를 입었다   하여 천은사라 불렀다. 한국전쟁 때  큰 불을 만나 완전 폐허가 되다시피 하였는데 1983년 문일봉 스님이 중건하였다.  잔 자갈이 밟히는 오솔길을 따라 경내로 들어서게 되며 오솔길 양쪽으로 서 있는 벚꽃나무들은 봄이면 엷은 분홍색 꽃을 흐드러지게 피운다. 
22. 천은사(구례),전라남도 구례군 광의면 노고단로 209,#가족여행#관광지#구례천은사#사찰#산사#역사#역사유적지#유네스코세계문화유산#템플스테이,천은사 061-781-4800,천은사  http://www.choneunsa.org ,연중개방,https://support.visitkorea.or.kr/img/call?cmd=VIEW&id=3bccaac9-8f21-4581-8495-b9546ca6eb27,천은사는 구례읍 북쪽 9km지점  지리산 일주도로 입구에 위치하고 있으며 신라 흥덕왕 3년 (828년)에 덕운조사와 인도의 승려   스루  가 터를 닦고 지은 절로서 화천양사라 하여 화엄사와 함께 지리산 3대 사찰로 손꼽힌다.임진왜란 때 불타 없어진 것을 조선 광해군 2년(1610년)에 혜정선사가 다시 지었으나 숙종2년(1676년)에 불에 타버려 그 이듬해 절을 지었다가 영조49년(1773)에 화재를 당해  영조 51년 (1775년)에 혜암선사가 다시 지어 오늘에 이르렀다. 천은사의 본래 이름은 828년 인도승려와 덕운조사가 창건할 당시 경내에 이슬처럼 맑은 차가운 샘이 있어 감로사라 했는데  이 물을 마시면 흐렸던 정신이 맑아진다 하여 많은 스님들이 몰려 들어 한 때는 천명이 넘는 스님이 지내기도 했으며 고려 충렬왕 때는  남방제일사찰로 승격되기도 했다. 그러나 임진왜란으로 불탄 뒤 중건할  때 샘가에 큰 구렁이가 자주 타나기에 잡아죽였더니 샘이 솟아나지 않았다고 한다.   그래서 샘이 숨었다하여 조선 숙종 4년(1677년)부터 천은사라 이름을 바꾸었는데  이상하게도 이름을 바꾼 후부터  원인모를 화재가 잦고 재화가  끊이지 않았다.  주민들도 절의 수기를 지켜주는 구렁이를 죽였기 때문이라며 두려워하였다. 이 소식을 전해들은 조선4대 명필의 한사람인 원교 이광사가 지리산 천은사라는 글씨를 물 흐르는 듯한 서체로 써서 걸었더니 이후로는 화재가  일어나지 않았다고 한다. 지금도 새벽녘 고요한 시간에는 일주문 현판 글씨에서 물흐르는 소리가 은은하게 들린다고 한다.그러고 보면 일주문은 절의 귀중한 내력을 담고 있는 셈이다. 천은사는 주위의 풍광이 아름다울 뿐 아니라 극락보전 아미타후불탱화인 보물1점과 지방문화재 2점이 있으며  절입구 계곡을 가로질러서 있는 정자 수홍루는 눈 아래 어리는 물그림자와 더불어 아름다운 한폭의 동양화를 연상케 한다. 
23. 다솔사(경남),경상남도 사천시 곤명면 다솔사길 417,#가족여행#경상권#관광지#다솔사#불교#불교문화#사찰#사찰여행#역사#역사관광지#연중무휴#자연환경#전통사찰#종교#한국불교#휴식하기좋은곳,다솔사 055-853-0283  사천시 문화관광과(문화재) 055-831-2716,다솔사  http://dasolsa.kr  ,연중무휴,https://support.visitkorea.or.kr/img/call?cmd=VIEW&id=973c1627-c5a9-4a78-956c-0a89856d5bf2, 다솔사는 신라 지증왕 때 범승 연기조사가 창건한 역사 깊은 고찰로  임진왜란 때 소실되었는데 그로부터 10년이 지난 후인 숙종 12년 (1686)에 승려들이 힘을 모아 10년 세월에 걸쳐   중창불사로 크게 중흥했다. 그러나 62년이 지난 후인 영조 24년(1748)에 큰 불 로 말미암아   불행히도 큰 재앙을 겪었으며 같은 왕 34년(1758)에 여러스님이 또 합심하여 명부전과 대양루 그리고 사왕문을 중건했다. 그런데 1914년 12월에 또 화재가 일어나 모든 전각이 불탔으나 다행히도 대양루는 소실되지 않았으며 그 이듬해부터 3년간 중건 끝에 현존하는 것이 이   건물이다.   * 주요문화재 - 대양루  극락전  응진전  보안암 석굴      
24. 모은암,경상남도 김해시 생림면 마사로 36-228,#관광지#불교#불교문화#사찰#사찰여행#역사#자연환경#전통사찰#종교#한국불교#휴식하기좋은곳,김해시 문화재과 055-330-3921,,연중개방,,* 가야국과 밀접한 관계가 있는 사찰  모은암 *   모은암의 전설은 지리산 하동 화개의 칠불암 전설과  함께 우리나라 불교 역사에 하나의 중요한 문제를 제기하는 곳이다. 김해시 상동면과  생림면의 경계에 위치한 무척산(無隻山·해발 702.5m)은 수로왕과 가락국 불교  이야기  기묘한 바위  산정호수인 천지(天池)가 있어 더욱 신비스러운 산이다. 낙동강을  내려다보는 동면의 기암절벽 아래에 백운암이 있으며 반대쪽인 서면에 모은암이 자리하고  있다.    무척산은 김해에서 밀량 삼량진 방향으로 가다 보면  만날 수 있는데  생림면 생철리 산불감시초소 옆 간이주차장에 차를 세워두고 석굴암을  거쳐 콘크리트 포장도로를 따라 30분 남짓 오르면 도로가 끝나는 지점 바로 위 모은암(母恩庵)이  나온다. 가야불교를 일으킨 가야국은 김해김씨의 시조인 김수로왕이 세운 고대국가이다.  김수로왕은 인도에서 배를 타고 온 허황옥과 결혼  열명의 왕자를 낳았는데 그중  일곱왕자가 성불  지리산의 칠불사(亞자방으로 유명)를 창건하게 됐다.     또 김해 일대에 있는 왕후사(王后寺)·장유사(長遊寺)·부은암(父恩巖)·모은암(母恩巖)  등도 모두 가야국의 왕가와 밀접히 관련되어 있는 사찰로 가야불교의 수많은 설화를  간직하고 있는 사찰이다. 지리산의 칠불사가 왕족의 해탈을 보여주는 것이라면  김해  무척산의 모은암은 왕가의 번성을 상징하는 자연 남근석이 암자 바로 옆에 우뚝 서  있을 뿐만 아니라  모은암 경내 동굴에도 남근을 상징하는 닝가가 모셔져 있다.          * 아들이 어머니를 그리워하며 건립한 사찰의 전설 *  이처럼 가야불교는 주로 왕족의 번성과 해탈을 기본으로  하고 있다. 수로왕이 어머니를  수로왕비가 인도에 있는 어머니를  수로왕 아들 중  하나가 어머니를 그리워하며 그 은혜를 기리기 위해 지었다고 알려진 모은암(母恩庵)이  2000년 세월 풍우를 이겨내며 무척산 자락에 자리하고 있다. 모은암은 규모는 그리  크지 않으나 바위면 한 쪽에 축대를 쌓아 올려만든 불심이 보는 이의 탄성을 자아내게  한다. 한적한 산속에 쉼없이 울려퍼지는 독경소리는  나무 하나 풀잎 하나마다에  작은 메아리를 덧붙여준다. 모은암을 오르는 중간중간부터 산위를 바라다보면 바위의  형상들이 푸른빛을 내는 병풍을 한 것처럼 그 위용이 장엄하며  무척산 북서쪽에  자리하고 있는 모은암 주위에는 온통 거대한 바위로 이루어진 골산으로 아름다운  경치를 빚어내고 있다.     자연석으로 이루어져 있는 관음전으로 사용하는  15평 규모의 굴이 대웅전 뒤에 만들어 있는데  그 속에 동자를 안고 있는 관세음보살이  봉안되어 있다. 바위굴 안에는 무한한 에너지가 넘치다고 하며  이 바위를 중심으로  거대한 바위들이 모은암을 감싸고 있다. 모은암 위로는 자연 남근석 모양을 한 바위가  있으며  미륵부처 모양을 한 미륵바위가 모은암 위에서 지키고 서 있다. 그리고 대웅전  앞 검은색의 바위가 좌우로 길게 놓여 있는데 이 바위는 허황후의 어머니가 누워  있는 것이라고 한다. 이 이야기를 듣고 바위를 보고 있노라면 흡사 사람이 누워 있는  것처럼 보인다. 허왕후는 자신의 어머니가 지켜보는 가운데  기도를 올리는 자신을  모습을 보여줌으로서 어머니의 고마움 마음을 대신 하지 않았나 하는 생각이 들기도  한다. 모은암은 이처럼 온통 기암괴봉으로 가파르며 아기자기 하고 경관이 매우 좋을  만큼 만물상이라고 해도 손색이 없을 정도다.    
25. 무양서원,광주광역시 광산구 산월로21번길 26,#관광지#교과서속여행#무양서원#문화재#서원#역사#역사공부#역사관광지#역사를품은곳#역사문화재#역사속#역사속으로#역사유적#역사유적지#역사이야기#역사탐방#역사탐험#전라권,광산구청 문화예술과(문화재) 062-960-8252,광산구 문화관광  http://culture.gwangsan.go.kr   문화재청  http://www.cha.go.kr ,,https://support.visitkorea.or.kr/img/call?cmd=VIEW&id=1368409c-89c4-483b-b83d-e5b2e3bcf028, 무양서원 (武陽書院)은 고려 인종(재위 1122∼1146) 때 어의(御醫)이면서 명신인 장경공 최사전을 중심으로 그의 후손 4명(손암 최윤덕  금남 최부  문절공 유희춘  충열공 나덕헌)을 모시고 있는 서원이다. 최사전은 의술로써 벼슬에 나갔는데 왕의 총애를 받아 높은 벼슬에 오른 사람이다. 무양서원은 1927년에 탐진 최씨 문중이 전국 유림의 호응을 얻어서 세운 서원이다. 서원의 이름은 광주의 옛 지명에서 따 왔다고 하는데  강당인 이택당을 중심으로 왼편과 오른편에 합의문과 합인문이 있다. 합의문을 지나면 오른편에 동재인 성지재가 있고 왼편에는 서재인 낙호재가 있다. 또한 높은 땅 위에 담장이 있는 무양사가 자리잡고 있는데  이것은 사당 안에 함부로 들어가지 못하게 하기 위한 것이다. 원래 서원은 제사 기능과 교육 기능을 가지고 있는데  탐진 최씨 문중에서는 1945년 광산구 쌍암동에 무양중학교를 설립하여 지금까지 교육기관의 역할을 담당하고 있다.   
26. 취병조형유허비,광주광역시 광산구 비아동,#관광지#교과서속여행#문화재#역사#역사공부#역사를품은곳#역사문화재#역사속#역사속으로#역사유적#역사유적지#역사이야기#역사탐방#역사탐험#전라권#취병조형유허비,광산구청 문화예술과(문화재) 062-960-8252,광산구 문화관광  http://culture.gwangsan.go.kr   문화재청  http://www.cha.go.kr ,연중무휴,https://support.visitkorea.or.kr/img/call?cmd=VIEW&id=646c8b58-719b-4886-824a-91a7d67e74ef,* 취병 조형선생을 기리는 비  취병조형 유허비 *  취병선생 유허비는 광산구 비아동에 위치한 작은  공원 내에 있다. 비(碑)의 형식은 화강석 1매에 비(碑)의 지붕과 몸체[碑身]를 함께  조성하였고 기단은 별개의 돌이다. 특징은 높이보다 너비가 긴 가로형태의 양식인  점이다. 즉 비의 총높이 95cm  너비 120cm  두께 28cm이며 문기(文記)는 모두 346자(字)로  음각문(陰刻文)이다.    * 한일관계사의 주요 자료 &lt 부상일기&gt 의  조형 선생 *  조형(趙珩)(1606∼1679년)은 조선시대 현종(顯宗)때의  문신으로 자(字)는 군헌(君獻)  호(號)는 충정(忠貞)이며 본관(本貫)은 풍괴(豊壞)이다.  1630년(인조8년) 명경관(明經科)에 급제하여 사국(史局)에 재임할 때 허목(許穆)의  사건에 관련되어 부여(扶餘)에 귀양갔다. 1655년 대사간 겸 통신상사(通信上使)로  일본에 갔다가 돌아와 병조참판  경기도 관찰사  도승지  대사헌을 역임하였으나  1675년 장열대비의 복제문제로 인하여 경기도 양주(楊洲)에 추방되었다. 1665년에  조선통신사로 일본을 다녀와 《부상일기(扶桑日記)》를 기록하였는데 이는 17세기  한일(韓日) 관계사의 중요 자료이다.   현재 하남의 안청동에는 풍양 조씨는 살고 있지  않으며 조형 선생의 후손은 없고 경기도에 친  인척이 있다고 하지만 유허비는 방치되어  왔다. 광주 출신으로서 여러 역사서에 기록된 인물도 흔치 않고  또한 광주시 일원에는  학술적 가치를 가진비는 더욱 없으므로 이 비는 취병선생에 대한 연구와 지방사 연구(地方史  硏究)  금석학(金石學) 관련 연구에 귀중한 자료가 될 것이다.    * 소유자 - 국유  * 수량 - 1기   * 시대 - 1873년(조선 고종 10년)  
27. 용진정사,광주광역시 광산구 본량동서로 180-48,#관광지#교과서속여행#문화재#역사#역사공부#역사관광지#역사를품은곳#역사문화재#역사속#역사속으로#역사유적#역사유적지#역사이야기#역사탐방#역사탐험#용진정사#전라권,광주광역시 광산구청 문화예술과(문화재) 062-960-8252,광산구 문화관광  http://culture.gwangsan.go.kr   문화재청  http://www.cha.go.kr ,,https://support.visitkorea.or.kr/img/call?cmd=VIEW&id=bb0bbd0e-7492-4b5e-9a9d-93b6d693154c,* 호남 의병활동의 본거지  용진정사 *  용진정사는 용진산 남쪽의 산록에 자리잡고 있다.  한말의 도학자 후석(後石) 오준선(吳駿先:1851∼1931)이 일본이 한국을 병탄하자  망국의 한을 달래면서 용진산에 강당을 짓고 후진 양성에 힘쓴 곳으로서 한말 호남  의병활동의 본거지이기도 하였다. 이곳은 원래 용진사가 있던 곳으로 삼봉 정도전   우암 송시열 등이 다녀갔던 곳으로 전해진다.   절이 허물어진 뒤 청안이씨들이 그 터를 가지고  있었으나  후석이 정사를 짓는다는 말을 전해듣고 옛 절터의 상대와 중대를 희사함으로써  정사를 지을 수 있었다. 후석이 별세한 뒤 문인들이 정사 동쪽에 3칸의 용진영당(湧珍影堂)을  세우고 1924년 석지 채용신이 그린 초상화를 모셨다. 영당의 좌우벽에는 큰아들 북파  오헌수와 둘째 아들 도호 오동수의 영정이 함께 걸려있다.   * 일제강점기의 의병  후석 오준선 *  후석은 본관이 나주이며 광산구 도덕동 도림마을에서  오하규의 아들로 태어났으나 백부 향규에게 입양되었다. 8세 때부터 이웃에 사는  친척 오태규로부터 사서와 근사록을 배웠다. 이어 18세 때부터 노사 기정진에게 배웠으며   이를 계기로 송사 기우만  식재 기재  현와 고광선 등과 사귀었고  전재 임헌회   입재 송근수 등에게서 학문의 폭을 넓혔다. 그의 학문 체계는 경학  성리학  예학   의리론 등의 영역에서 찾을 수 있다.    1910년 일제는 명사들을 회유하기 위하여 은사금이라는  금품을 지급하여 하였는데  이를 거절하자 헌병대로 끌려 가 갖은 협박을 가했으나  끝내 받기를 거절하였다. 이후 1917년 용진산에 들어가 1931년 세상을 떠날 때까지  후학을 가르치니  문하생이 600여명에 이르렀다. 1919년 고종이 승하 하시자 문하생들과  용진정사 앞의 바위에서 통곡하였는데  그뒤 이 바위를 읍궁암(泣弓岩)이라 불렀고    원수를 갚기 전에는 상복을 벗을 수 없다. 하여 일생동안 백립을 쓰고  지냈다. 명정에 조선유민이라 쓰도록 유언하였다. 1934년에 그의 학문적 체계를 정리한  문집 25권 12책이 간행되었다.    [문화재 정보]  지정종목   문화재자료  지정번호   광주문화재자료 제7호  지정연도   1985년 2월 25일  시대   조선   종류   가옥  
28. 백지사터,전라북도 익산시 여산면 영전길 2-95,#관광지#교과서속여행#백지사터#역사#역사공부#역사관광지#역사를품은곳#역사문화재#역사속#역사속으로#역사유적#역사유적지#역사이야기#역사탐방#전라권#종교성지,익산시 역사문화재과 063-859-5792  익산역 관광안내소 063-859-3825(09:00 ~ 18:00)  *매주 월요일  1월1일 설날/추석 당일 휴관,익산 문화관광  http://www.iksan.go.kr/tour ,,https://support.visitkorea.or.kr/img/call?cmd=VIEW&id=cd1b60e2-8f15-46fe-a89f-3cddf451e808,백지사(白紙死)터 성지는 동헌에서 내려다 보이는  곳으로 대원군 집정 때인 1866년 병인 박해가 계속 진행되어 대학살이 감행되는 동안  천주교 신자들을 처형한 곳이다. 얼굴에 물을 뿜고 백지 붙이기를 여러번 거듭하여  질식사시키는 방법으로 일명   도모지사(塗貌紙死)   라고도 하며 쇄국 정책의 분노와  증오에 양심과 신앙 자유가 질식한 곳이다. 옛동헌 뜰에는 박해 사실을 증명하듯이  대원군의 척화비가 서 있다. 
29. 국립 두타산자연휴양림,강원도 평창군 진부면 아차골길 132,#가족여행#강원권#걷기길#관광지#국립두타산자연휴양림#나들이#두타산#여름여행#연인과함께#자연#자연&숲#자연좋은곳#치유#피서여행#힐링,두타산자연휴양림 033-334-8815,국립자연휴양림  http://www.huyang.go.kr ,,https://support.visitkorea.or.kr/img/call?cmd=VIEW&id=3e363718-166f-4a59-91b1-ac0c95dcd4a7,두타산(박지산)자연휴양림은 강원도 평창군 진부면과 정선군의 경계에 해발1357.0m의 두타산 자락에 위치한 산악형 자연휴양림으로 관광자원이 풍부하고  진부IC에서 20분거리에 위치하며  진부~정선간 59번 국도와 접하고 태백산맥의 서쪽에 위치하며 오대산에서 흘러내리는 옥수같은 맑은 물을 근원으로 청정계곡과 레저산업의 중심축을 이루는 곳에 위치하고 있다.  강원도 평창은 영서지방의 오대산을 중심으로 형성된 문화유적지 월정사와 명산으로 어우러진 노동계곡  신기계곡  수항계곡  막동계곡  장전계곡  봉산계곡이 어우러져 산촌지역의 정서와 명맥을 유지하고 있는 지역이다. 오대산에서 발원한 물줄기가 첩첩협곡을 누비며 남한강에 합류하는 길목  평창군 진부면 수항리에서 아차골로 접어들면 해발 1 394m의 박지산 칠성대가 눈앞에 아른거린다.  오소리 너구리 멧돼지 산토끼 등 산짐승과 무수한 약초들 아름들이 박달나무  잣나무  피나무가 버티고 있어 생태적으로 건강하고 든든한 산림의 한축을 볼 수 있는 곳이며  지피식생으로는 이름도 알 수 없는 이끼류가 양탄자와 같이 바닥에 깔려 있고  사람의 인기척이 없는 곳에 자리잡은 아차골의 선녀탕  토끼가 쉬어가는 샘터와 사계절 계속되는 야생화의 향연은 볼만하다.
30. 모악산도립공원,전라북도 김제시 금산면 모악15길,#가족여행#관광지#등산#모악산도립공원#생태관광#자연#자연좋은곳#전라권,김제시청 공원녹지과(공원관리) 063-540-4194  김제시청 공원녹지과(모악산서무) 063-540-4197,김제시 문화관광  http://tour.gimje.go.kr/index.gimje ,,https://support.visitkorea.or.kr/img/call?cmd=VIEW&id=30154cb5-cbaa-4c6c-a478-21314f8faf80,금산사  귀신사  수왕사  대원사 등을 품은 모악산은 높이 795.2m로 김제평야의 동쪽에 우뚝 솟아있어 호남평야를 한눈에 내려다 볼 수 있다. 1971년 도립공원으로 지정되었으며 호남 4경의 하나로 경관이 빼어 나고 국보와 보물 등 문화재가 많다.  특히 이곳에는 백제 법왕 원년(599년)에 세워지고 10여 점의 각종 주요문화재를 갖고 있는 금산사가 자리하고 있어  찬란한 불교예술을 살펴볼 수 있으며 모악산을 넘으면 동남쪽 중턱에 대원사  수왕사 등 사찰이 있고 서쪽으로 귀신사가 있으며  금산사 입구 금평저수지는 낚시터로도 적당하다.  모악산은 예로부터 미륵신앙의 본거지로 여겨져  증산교의 본부와 더불어 30~40년대 각종 신흥종교 집단지로도 관심을 끌어 기록에 의하면 모악산 기슭에는 대원사  귀신사  수왕사 등 사찰을 비롯 무려 80여개의 암자가 있었다고 한다. 등산을 하려면 금산사를 벗어나 심원암 뒤쪽의 능선을 따라 오른다. 봄철이면 정상까지 진달래가 만발해 꽃구경을 하면서 오를 수 있다.   정상에서는 김제평야와 만경강이 시야에 들어오고 전주시와 운장산도 보인다. 주차장에서 일주문에 이르기까지 벚꽃터널도 장관이다.
31. 두륜산도립공원,전라남도 해남군 삼산면 대흥사길 400,#가족여행#관광지#꽃여행#두륜산국립공원#등산#등산로#아이와함께#연인과함께#자연#자연좋은곳#전망좋은곳#조깅#친구와함께#휴양여행#힐링,땅끝관광지관리사업소(도립공원담당) 061-530-5543  관광안내 061-532-1330,해남군 문화관광  http://www.haenam.go.kr/tour/  두륜산케이블카  http://www.haenamcablecar.com ,연중무휴,https://support.visitkorea.or.kr/img/call?cmd=VIEW&id=e9949987-04af-4f23-b71c-da5b174b7564,두륜산은 사찰  유적지 등이 많고 자연경관이 뛰어난 관광지로 한반도의 가장 남쪽 끝에 있는 높이 700.0m의 산으로  난대성 상록활엽수와 온대성 낙엽 활엽수들이 숲을 이룬  식물분포 학상 중요한 가치를 지닌 산이다.  또한 억새밭이 무성하며  여덟개의 크고 작은 봉우리 정상에서는 서해안과 남해안 곳곳의 다도해가 한 눈에 내려다 보인다. 또한  이 산에는 신라 진흥왕 5년 (514년) 아도화상이 세운 대둔사(대흥사)가 있으며  서산대사와도 관련이 있는 유서 깊은 곳으로  절 안에는 표충사를 비롯하여 탑산사 동종 등 보물 4점  천연기념물 1점과 수많은 유물들이 보존되어 있다. 울창한 숲이 이루는 가을 단풍과 푸르른 동백나무는 이 산의 자랑거리이다. 집단시설지구에서 사찰에 이르는  2km의 경내 도로 좌우에는 절경을 이루는 계곡이 이어지고   산자수려한 수목이 울창한 터널을 이루고 있다.  * 두륜봉 등산길 산행코스가 험하지 않아 2~3시간이면 정상에 오를 수  있다. 피안교를 건너면 구매표소가 있고  이를 지나 일주문과  비전(碑殿)을 지나면 반야교와 해탈문 갈림길에 이른다. 여기서 왼쪽으로 가면 대웅전이고 오른쪽으로 가며 천불전 서산대사유물관 그 다음 왼쪽으로 가면  대광명전으로 가는 길이 있다. 정상으로 올라가는 길이 대광명전 입구에서 부터 갈라지는 왼쪽 길을 따라 북암쪽으로 오르는 코스와 진불암쪽으로 넘어가는 코스를 많이 선택한다.  숲 속에 난 등산로를 따라 한시간 정도 오르면 가련봉 중턱에 두 점의 보물을 간직한 북암이 있다.  북암에서 동편으로 건너다 보이는 고계봉 능선에는 소사나무의 군락이 등산로의   흔적조차 찾기 어려울 정도로 우거져 있다. 북암에서 맑고 시원한 약수로 목을 축이고 두륜봉쪽으로 20여분 빠져 나오면 잡초가 무성한 터 한편에 외로이 서 있는 5층 석탑이 두륜봉 정상을 정면으로 바라보고 있다. 이곳이 만일암터이다. 만일암터를 지나 나무가지를 헤치고 샛길을 빠져나가면 몇분이 지나지 않아 천년수라 불리는 수령 천년이 넘은 거목 느티나무가 뒷짐진 산신령처럼 우뚝 서 있다. 둘레를 장정 7~8명이 팔을 옆으로 뻗어야 하는 이 나무는 오랜 세월동안 수없이 많은 등산객들이 어루만지고 지나가 손닿는 곳이 번들거린다.  천년수에서 40여분 올라 정상에 가까이 오면 630m 두륜봉 바로 아래 제법넓은 갈대밭이 있다. 이곳 갈대밭 언덕배기로 불어오는 후련한 바람을 맞으며 구름다리(양쪽바위가 연결된 다리로 산안개가 갠날이면 아래쪽에서 보아 구름사이에 있는 다리처럼 보여 구름다리라 명명하였다.)를 오른다. 어른 서너발이면 지날 수 있는 작은 다리이다. 구름다리를 지나 정상에 오르면 어디까지인지도 모를 산자락들이 장업하게 펼쳐진다. 영암 월출산과 강진만  완도  진도  신안 앞바다 점점이 떠있는 다도해의 풍경들. 이렇듯 자신을 휘감고 도는 정상의 경관들에 두륜산 정상에서 맞이하는 일출의 감동까지도 경험할 수 있다면 그 감동은 쉽게 잊혀지거나 빛바래지 않을 것이다.
32. 명물닭갈비,강원도 춘천시 금강로62번길 8,#맛집#음식,033-257-2961, http://www.dacgalbi.co.kr ,연중무휴,https://support.visitkorea.or.kr/img/call?cmd=VIEW&id=54fa27a1-8321-495d-bc1f-f299bc40e6c6,※ 영업시간 10:00 ~ 23:00 (주문마감 21:00)  명물닭갈비는 주류를 판매하지 않는 닭갈비 골목에서 유일하게 주류 판매를 하고 있는 곳이다. 매콤한 닭갈비에 술이 한잔 생각날 때는 명물닭갈비를 찾으면 될 것이다.
33. 돼지문화원,강원도 원주시 지정면 송정로 130,#가족여행#강원권#관광지#글램핑#돼지문화원#등산로#미식여행#사계절#아이와함께#여름휴가#연인과함께#친구와함께,돼지문화원 1544-9266,돼지문화원  http://www.돼지문화원.com ,연중무휴,https://support.visitkorea.or.kr/img/call?cmd=VIEW&id=67ba3ac1-22fc-42b6-8f59-c519208feeab,아주 오래전부터 다복의 상징으로 여겨진 돼지는 기쁠 때나 슬플 때나 서민들의 배 뿐만 아니라 마음까지 채워주는 우리 생활 속에 아주 가깝게 자리 잡고 있는 동물입니다. 이러한 돼지를 음식으로 만이 아닌 보고  듣고  즐길 수 있도록 설립한 장소가  돼지문화원  입니다. 돼지문화원은 전국 최초로 돼지를 컨셉으로 가족  친구  연인 누구나 함께 즐길 수 있는 레저  숙박  교육  쇼핑 공간을 갖춘 멀티 복합문화 공간입니다. 아이들에게는 꿈과 희망을 주고  어른들은 낭만을 즐길 수 있는 특별히 꾸며진 공간입니다. 
34. 도봉산,서울특별시 도봉구 도봉산길,#가족여행#관광지#당일치기여행#도봉산#등산#등산로#사계절#서울근교여행#아이와함께#연인과함께#자연#자연좋은곳#친구와함께#힐링&휴양여행,북한산도봉사무소 031-828-8000,북한산국립공원  http://bukhan.knps.or.kr ,연중무휴,https://support.visitkorea.or.kr/img/call?cmd=VIEW&id=656006bb-0e2f-4ac4-a78d-de4418c2dc37,북한산국립공원내 동북쪽에 있는   도봉산  은 최고봉인 자운봉(740.2m)을 비롯하여 만장봉  선인봉  주봉  오봉  우이암 등의 암벽이 아름답기로 이름난 산인데 특히  선인봉 암벽 등반코스로는 박쥐코스 등 37개 코스가 개척되어 있다.  북한산 및 도봉산 지역의 60여 개 사찰 중 제일 오래된 건축물인   천축사  를 비롯하여 망월사  회룡사 등의 절과 도봉계곡  송추계곡  오봉계곡  용어천계곡 등 아름다운 계곡을 안고 있으며  교통이 편리하여 서울시민이나 근교 주민들에게 더없이 인기있는 하루 등산지이다.
35. 국립 방장산자연휴양림,전라남도 장성군 북이면 방장로 353,#관광지#국립방장산자연휴양림#등산#자연#자연좋은곳#전라권#휴양여행#힐링여행,방장산자연휴양림 061-394-5523,국립 방장산자연휴양림  http://www.huyang.go.kr/comforestmain.action  ,,https://support.visitkorea.or.kr/img/call?cmd=VIEW&id=722e2a13-c1b6-462c-9226-f942a1c29d48,전남 장성과 전북 고창  정읍 경계에 솟은 방장산은 내장산 서쪽 줄기를  따라 뻗친 능선 중 가장 높이 솟은 봉우리이다. 지리산  무등산과 함께 호남의 삼신산으로 추앙받아 왔으며 주위의 내장산  백암산  선운산 등의 명산을 지척에 두고 있으면서도 결코 기세가 눌리지 않은 당당함을 보이고 있다. 지리산을 달리 방장산이라고 부르는 것처럼 신이 살 듯한 신비로운 산에만 붙이는 이 이름은 청나라에 멸망한 명나라를 숭상하던 조선조의 선비들이 중국의 삼신산 중의 하나인 방장산과 비슷하다 하여 붙여진 이름이라 한다. 조선시대까지만 해도 방등산이라고 불리웠으며 백제가요인 방등산가는 바로 이 산을  무대로 해서 지어진 노래이다. 먼 옛날 방등산에 숨어든 도둑의 무리들이 한 여인을 납치해갔다. 남편이 구해주기만을 애타게 기다렸으나 남편이 나타나지 않는 바람에 울다가 지쳐서 부른 노래가 방등산가라는 것이다.  이 곳 방장산 중턱에는 방장산 자연휴양림이 위치하고 있다. 2000년 7월 1일 문을 연 것으로 서부지방 산림관리청(전북 남원 소재)에서 순창 회문산 자연휴양림  무주 덕유산자연휴양림  진안 운장산자연휴양림  장흥 천관산자연휴양림  함양 지리산자연휴양림  남해 편백자연휴양림과 함께 방장산휴양림을 관리하고 있다. 휴양림 내에는 참나무류와 소나무  편백  낙엽송  리기다소나무 등이 많이 자라고 있으며  고창 방면으로 난 임도를 따라가면 벽오봉(640m)과 고창 고개 중간의 능선에 닿는다. 이곳에서는 고창 읍내와 서해바다가 내려다보인다. 고창고개를 지나 장성갈재 방면으로 조금 더 가면 방장산 정상이다. 휴양림에서 정상까지는 왕복 3시간이 소요되며 석정온천으로 곧장 하산하는 산길도 나 있다. 주능선에 오르면 서해로부터 불어오는 시원한 바람을 맞이할 수 있는데 이 덕분에 패러글라이딩 동호인들이 종종 이곳을 찾기도 한다.  * 높이 - (733.6m) * 구역면적 - 674 ha
36. 프레이저 플레이스 센트럴 서울,서울특별시 중구 통일로 78,#숙박,02-2220-8000, http://www.fpcs.co.kr ,,https://support.visitkorea.or.kr/img/call?cmd=VIEW&id=8ce2e4b9-6b7e-4b52-8e04-409acc632a79,※ 기준인원 초과 시 1인당 44 000원 추가요금 (세금포함) ※ 반려견 동반 시 1마리 33 000원  2마리 55 000원 (최대 2마리까지 허용 가능  10kg 미만  세금포함)  2006년 7월에 문을 연 프레이저 플레이스 센트럴 서울은 스튜디오부터 펜트하우스까지 총 272개의 객실을 보유하고 있다. 장∙단기 투숙 고객의 편의를 위한 전 객실의 주방 시설이 완비되어 있으며  스튜디오 외의 객실은 침실과 거실이 분리되어 있어 프레이저 플레이스 센트럴 서울만의 차별화된 서비스를 느낄 수 있다.   또한  가족단위로 머무는 고객들을 위한 실내 수영장과 어린이 풀장 및 어린이 놀이방이 있어 아이들에게 보다 안전하고 재미있는 공간을 제공한다.
37. 축령산자연휴양림,경기도 남양주시 수동면 축령산로 299,#관광지#나홀로여행#생태관광지#숲치유#자연#축령산자연휴양림#힐링,휴양림 관리사무소 031-592-0681,축령산자연휴양림   http://farm.gg.go.kr/sigt/41 ,,https://support.visitkorea.or.kr/img/call?cmd=VIEW&id=ac5f2d35-5910-4a81-9956-eafbf6219bf7,* 자연을 벗삼아 휴양할 수 있는 공간  축령산자연휴양림 * 축령산은 남양주시와 가평군에 걸쳐있는 해발 887.1m의 산으로 숲이 울창하고 계곡이 아름다운 산이다. 조선왕조를 개국한 이성계가 고려말 사냥을 왔다가 짐승을 한 마리도 잡지 못하였는데 몰이꾼이 이 산은 신령스러운 산이라 산신제를 지내야 한다고하여 산 정상에 올라 제를 지낸 후 멧돼지를 잡았다는 전설이 있다. 이때부터 고사를 올린 산이라 하여  축령산이라고 불리게 되었다고 한다. 1995년 7월 1일 문을 열어 현재 경기도에서 직영 관리하고 있는 휴양림으로 50년생 잣나무림이 잘 가꾸어져 있고  축령산 정상으로 오르는 등산로 입구에 있는 잣나무 산책로는 하늘이 보이지 않을 정도로  우거져 있어 신비감마저 든다. 779ha의 넓은산림에 산림욕장  체육시설  물놀이장  야영장  자연관찰장 등이 있어 가족단위의 휴양공간으로 손색이 없으며 하루의 산행코스로도 적합한 곳이다.  * 축령산자연휴양림 인근 관광지 * 주변에는 사계절 전천후로 이용가능한 천마산스키장  풍부한 수량과 모래사장을 갖추고 있는 수동계곡 국민관광지가 있으며  가는 도중 구한말 열국의 각축에 휘말려 뜻을 펴지 못한 채 망국의 비운을 겪은 조선조 마지막 두 왕과 왕비가 묻힌 금곡의 홍.유능(고종  순종)에 들러 참배와 역사 탐방도 함께 할 수 있다.
38. 동해한옥 동안재 [한국관광 품질인증/Korea Quality],강원도 동해시 천곡1길 74-2,#강원추천숙소#동안재#동해추천숙소#동해한옥동안재#숙박#숙소#추천숙박#한국관광품질인증#한국관광품질인증업소#한옥,(033)531-3003  010-2974-3007, http://www.donganjae.com ,,https://support.visitkorea.or.kr/img/call?cmd=VIEW&id=69f80c5a-23e3-4f37-a17d-c8b65abafa30, 강원도 동해시 해변에 인접한 동해한옥 동안재는 2018년 6월 문을 열었다. 현대적 시설을 갖춘 전통 한옥으로 지어져 편의성은 높이되 한옥의 그윽한 멋은 고스란히 담았다. 한옥 다섯 채를 객실로 운영하는데 마당에 족욕탕이 있어 풀빌라의 느낌을 준다. 3~4명이 이용할 수 있는 무릉·두타·추암·묵호·망상 독채는 모두 3면이 개방되는 누마루를 설치해 조망이 아주 시원하다. 마당 중앙에 소나무를 심은 노천 족욕탕을 마련  솔향을 맡으며 즐기는 족욕은 여행의 피로를 말끔히 풀어준다. 각 객실은 취사가 가능하며 비데를 설치한 화장실과 샤워부스가 있는 욕실을 갖췄다. 최신 건축인 만큼 무장애 관광시설도 갖췄다. 장애인 전용 주차장은 물론 각 독채의 대문턱을 없애고  문지방을 낮춰 이동에 불편함이 없도록 세심히 배려했다. 다양한 전통놀이를 즐길 수 있도록 투호·윷·제기·팽이 등을 마련했고  한복체험 프로그램도 준비했다. 주변 여행지로는 천곡천연동굴  추암촛대바위  망상해변  묵호항과 묵호등대가 있으며 펜션 뒤로 솔숲 산책로가 마련되어 있다.  
39. 적상산,전라북도 무주군 적상면 괴목리,#가족여행#걷기길#관광지#등산#생태관광지#자연#자연좋은곳#적상산#전라권,덕유산국립공원사무소 063-322-3174,덕유산국립공원  http://deogyu.knps.or.kr ,,https://support.visitkorea.or.kr/img/call?cmd=VIEW&id=fcdcef96-e4f9-4f91-96fc-a60b78b5de27,한국 백경 중 하나로 손꼽히는 적상산(1030.6 m)은 사방이 깎아지른 듯한 암벽으로 이루어져 있으며  그 절벽 주변에 유난히도 빨간 단풍나무가 많아서 가을철이면 마치 온 산이 빨간 치마를 입은 듯 하다고 하여 적상산이라는 이름이 지어졌다. 이 산은 해발 1030.6m의 기봉이 향로봉(1 029m)을 거느리고 천일폭포  송대폭포  장도바위  장군바위  안렴대 등의 명소를 간직했다.  이 산에는 고려 공민왕 23년(1374) 최영 장군이 탐라를 토벌한 후 귀경길에 이곳을 지나다가 산의 형세가 요새로서 적임지임을 알고  왕에게 축성을 건의한 절이 있으며 그 이후 여러 사람이 산성으로서 건의되다가 조선실록이 이곳에 보관되면서 산성이 증축되었으며  고려 충렬왕 3년(1227년) 월인화상이 창건했다고 전해지는 안국사가 있다. 적상산은 도보산행 뿐 아니라 차를 가지고도 산에 오를 수 있다. 무주 양수발전소를 건설하면서 정상까지 닦은 15km의 진입도로로 관광객들이 산정호수와 안국사 입구까지 오를 수 있게 됐다.  *  안렴대 적상산의 정상 남쪽 층암절벽 위에 위치한 안렴대는 사방이 천길  낭떠러지로 내려다 보여 이 곳을 오르는 사람들의 마을을 아슬아슬하게 한다. 고려 때 거란의 침입이 있었을 때 삼도 안렴사가 군사들을 이끌고 이 곳으로 들어와 진을 치고 난을 피한 곳이라 하여 안렴대라 불린다.  * 장도바위 적상산성 서문 아래 하늘을 찌를 듯이 서있는 이 바위는 고려 말 최영장군이 적상산을 오르다가 길이 막혀 장도를 내리쳐 길을 내고 올라갔다는 전설이 있다.
40. 엘하우스(L House) [한국관광 품질인증/Korea Quality],서울특별시 강서구 양천로14길 36,#서울추천숙소#숙박#숙소#엘하우스#외국인친구에게추천#추천숙박#한국관광품질인증#한국관광품질인증업소,010-3007-8092,,,https://support.visitkorea.or.kr/img/call?cmd=VIEW&id=86a3dcc2-3580-4254-b03a-dd1a0734e791, #본 업소는 외국인관광 도시민박업으로 외국인만 이용이 가능하며 내국인은 이용할 수 없습니다.  엘하우스는 김포공항에서 가까운 외국인 전용 게스트하우스다. 지하철 5호선 김포공항역에서 지하철 한 정거장이면 닿는 개화산역 인근에 위치해 있어 입출국 시 이동이 편리하다. 친절한 응대와 깔끔한 시설로 에어비앤비에 슈퍼호스트 숙박 시설로 등록되어 있다.  숙소 주변이 주택가인 데다 시장  마트가 가까워 현지인처럼 편안하게 머물기 좋다. 주택 건물 2층에 자리한 엘하우스 내부는 화이트톤 인테리어와 빈티지한 가구가 적절히 배치되어 널찍하고 단정한 인상을 준다. 큰방과 작은방 총 2개의 침실이 있으며 큰방에는 퀸사이즈 침대 외에 소파베드를 갖춰 최대 6인까지 머물 수 있다. 식탁  싱크대  인덕션  토스트기  전자레인지  밥솥  조리도구 등 주방시설도 잘 갖춰져 있다. 숙소에서 도보 5분 거리에 지하철역과 버스 정류장이 있어 홍대  이대  합정까지 이동하기 편리하며 하늘공원  노을공원  난지한강공원  망원한강공원 등이 승용차로 15분 거리에 있다.   
41. 소요산국민관광지,경기도 동두천시 평화로2910번길 145,#걷기길#관광지#단풍여행#소요산국민관광지#수도권#연중무휴#자연#자연좋은곳,공원녹지과 031-860-2416~8,,연중무휴,https://support.visitkorea.or.kr/img/call?cmd=VIEW&id=5b455ec8-fcb4-4d26-8c15-56bb628c481d,소요산(587.5 m)은 천연 기암괴석이 절묘하게 봉우리를 이루어 놓아 만물상을 연상케 하고 여름날 심연계곡의 오묘한 정취와 가을 단풍의 진한 아름다움으로 한수 이북 최고의 명산  경기의 소금강(금강산)으로 불리어지고 있다. 소요산 관광지 입구에 위치한 자유수호 평화박물관을 시작으로 관광객들의 행복과 건강을 기원하는 건강 오행로  원효대사와 요석공주의 애틋한 이야기가 스며있는 요석공주 별궁터  원효대사가 수도했다는 원효대  천년고찰 자재암  청량폭포  원효폭포 등의 관광명소가 있다.
42. 국립 용화산자연휴양림,강원도 춘천시 사북면 사여골길 294,#가족여행#강원권#걷기길#관광지#국립용화산자연휴양림#나들이#여름여행#연인과함께#용화산#자연#자연&숲#자연좋은곳#치유#피서여행#힐링,용화산 자연휴양림 033-243-9261,국립자연휴양림  http://www.huyang.go.kr ,,https://support.visitkorea.or.kr/img/call?cmd=VIEW&id=deadcc04-6f2e-4395-b68b-683188951ee9,용화산자연휴양림은 강원도청 소재지 춘천시에서 북동쪽으로 28㎞ 떨어진 춘천시 사북면 고성리와 화천군 간동면 및 하남면의 경계지역에 위치하고 북쪽의 파라호  서쪽의 춘천호  남쪽의 소양호와 의암호의 중심에 있으며  주요산은 해발 877.8m의 용화산을 중심으로 오봉산  대룡산  금병산  북배산  화악산 등이 있고 교통은 춘천-화천간 최단거리 도로인 407번 지방도와 연접하고 있어 접근성은 좋고 산림청 선정 100대 명산으로 등산객이 사계절 많이 찾는곳이다.  주요임상은 소나무  참나무류  박달나무  낙엽송  산벗나무 등과 금낭화  매발톱  노루귀  쑥부쟁이  구절초  조릿대  은방울꽃  둥글레 등의 야생초화류 등이 처녀림과 조화를 이루어 다양하게 분포하고 멧돼지  토끼  다람쥐 노루 등의 야생동물과 참개구리  산개구리 등의 양서류  까마귀  까치  산비둘기  매 등의 조류가 있다.
43. 흥해배씨 임연재종택 [한국관광 품질인증/Korea Quality],경상북도 안동시 향교1길 51,#경북추천숙소#숙박#숙소#안동추천숙소#임연재종택#추천숙박#한국관광품질인증#한국관광품질인증업소#한옥#흥해배씨임연재종택,010-9077-7216  010-7172-0839, http://www.imyeonjae.co.kr ,,https://support.visitkorea.or.kr/img/call?cmd=VIEW&id=43cec498-4122-4574-822d-92e62a58e639, 흥해배씨 임연재종택은 1558년에 증병조참판 배천석(裵天錫  1511~1573)이 안동시 월곡면 도목리에 건립했다. 이 후 안동댐건설로 인해 1973년에 안동시 송천동으로 이건했다. 흥해배씨 안동 입향조인 고려조를 향한 불사이군(不事二君)의 충신  백죽당(栢竹堂) 배상지(裵尙志 1351~1413)의 종통(宗統)을 잇고 있는 백죽고택(栢竹古宅)이다. 배천석의 아들이며  퇴계의 제자이자 문과에 급제하여 황해도관찰사를 지낸 목민관(牧民官) 배삼익(裵三益 1534~1588 호:임연재臨淵齋  자:여우汝友)을 불천위(不遷位)로 모시고 있는 임연재종택이다. 당호(堂號)는 금역당(琴易堂)인데  이는 임연재의 아들이며  문과에 급제하여 충청도도사를 지낸 임란의병(壬亂義兵)  배용길(裵龍吉 1556~1609 자:명서明瑞)의 호를 딴 것이다. 담장  계단과 처마 등 고풍스러운 한옥의 멋이 넘치는 임연재종택은 특히 조선 전기 건축양식에 따라 조성한 아름다운 창호를 자랑한다.  종택에는 건립당시부터 책방으로 사용했던 유서 깊은 공간이 남아있어 장서지가(藏書之家)의 전통을 잇고  책방을 열어 책을 사랑하는 이웃들과 함께 어울리고자 작은도서관을 개관하게 되었다. 백죽고택작은도서관에는 소설  인문  역사  만화  유아용 도서 등 다양한 장르의 책 5 000여권을 구비하고 있다. 임연재종택은 도서관에서 책을 읽으면서 고택체험을 통해 과거로의 시간여행을 할 수 있는 곳이다. 체험객들의 불편을 최소화하기 위해 각 방 마다 냉난방기를 설치했으며  최신시설의 욕실(공동사용)을 곳곳에 배치했다.  
44. 세계꽃식물원,충청남도 아산시 도고면 아산만로 37-37,#관광지#데이트코스#미세먼지_피하는_실내여행#생태관광#세계꽃식물원#수목원#연인과함께#연중무휴#자연#자연좋은곳#전시#축제#충청권#힐링,세계꽃식물원 041-544-0746~7,세계꽃식물원  http://liaf.kr ,연중무휴,https://support.visitkorea.or.kr/img/call?cmd=VIEW&id=822d9d08-e5e4-4b40-97f8-1f5c5d905fcd,2004년 3월  농민조합원 등으로 구성된 영농 조합 법인이 네덜란드식 가든 센터를 본떠 조성한 곳이다. 세계적으로 유명한 원예종 식물들을 연중 소개하고 3 000여 종의 꽃과 식물이 8천 평의 유리온실에 전시되고 있다. 매년 다양한 꽃을 주제로 축제도 열리는데  1~2월에는 겨울꽃 축제  3~4월에는 튤립  수선화  동백꽃 축제 등 2개월에 한 번씩 주제가 바뀐다. 예쁜 꽃과 잎으로 손수건을 디자인하거나 분갈이 체험도 할 수 있다.  * 규모 1) 부지 면적 - 총 부지 5.4㏊  온실 2.8㏊  실내식물원 1.8㏊ 2) 전시관 조성 - 세계 유명 꽃 1 000여 종  생태연못 등   ※ 반려견 동반 여행 정보  - 4kg 이하 소형견만 목줄 착용 후 출입가능
45. 월출산국립공원,전라남도 영암군 영암읍 천황사로 280-43,#관광지#등산#월출산국립공원#자연#전라권#트레킹,월출산국립공원사무소 061-473-5210,월출산국립공원  http://wolchul.knps.or.kr ,,https://support.visitkorea.or.kr/img/call?cmd=VIEW&id=9e43d372-6711-4069-9089-7338fe71a3df,* 아름다운 경관과 문화 유산이 많은 곳  월출산국립공원 * 월출산은 “달 뜨는 산”이라는 이름에 걸맞게 아름다운 자연경관과 유수한 문화자원  그리고 남도의 향토적 정서가 골고루 조화를 이룬 한반도 최남단의 산악형 국립공원이다. 소백산맥이 목포 앞 바다로 흘러가다 평지에 돌출된 잔구 형태의 월출산은 천황봉(810.7m)을 중심으로 산 전체가 수석의 전시장이라 할 만큼 기암괴석으로 이루어져 있다.  백제의 왕인(王仁)박사와 신라말 도선(道詵)국사의 탄생지이기도 하며  호남의 소금강산이라 불린다. 또한 천황봉을 중심으로 남쪽에는 단아한 모습의 무위사  서쪽에는 도갑사가 있는데 도갑사의 해탈문  무위사의 극락전  마애여래좌상 등을 비롯한 많은 문화재가 있다. 월출산의 입구인 도갑사를 지나 5km 정도 오르면 항상 물이 고여있어 용이 살았다고 전해지는 기이한 9개 단지모양의 구정봉(九井峰)에 이르며 그 아래로 500m쯤 내려가면 국보 144호로 지정된 마애여래좌상이 있다.  월출산의 최고봉인 정상에 오르면 동시에 300여명이 앉을 수 있는 평평한 암반이 있다. 월출산의 구름다리도 또 다른 매력을 준다. 이 다리는 지상 120m 높이에 건설된 길이 52m  폭 0.6m의 한국에서 가장 긴 구름다리이다. 사자봉 왼쪽 산 중턱 계곡에서는 폭포수가 무려 일곱 차례나 연거푸 떨어지는 칠치폭포의 장관을 볼 수 있고  도갑사(道甲寺)와 무위사(無爲寺)로 내려가는 길목에 펼쳐진 미왕재의 갈대밭은 가을이면 황홀한 절경을 이룬다. 특히 서해를 배경으로 펼쳐지는 일몰풍경은 말로 이루 표현할 수 없을 정도로 아름답다. 봄에는 진달래와 철쭉꽃이  만발하고  여름에는 시원한 폭포수와 천황봉에 항상 걸려있는 안개  가을에는 단풍  겨울에는 설경 등 사시사철 다양하고 독특한 모습을 자랑한다.  * 월출산의 다양한 유적과 볼거리 * 왕인(王仁)박사 유적지에서 구정봉(九井峰)으로 오르는 도중에 있는 도갑사(道岬寺)는 고려시대에 도선국사(道詵國師)가 창건한 절이라고 한다. 산문인 해탈문(解脫門:국보 50) ·석조여래좌상(石造如來坐像:보물 89) ·도선국사 수미선사비(守眉禪師碑) 등이 있다.  주위는 노송과 대나무가 울창하여 여름철의 서늘함과 늦가을의 단풍으로 관광객이 모여든다. 월출산 남쪽계곡에 있는 금릉경포대(金陵鏡布臺)는 명소로  부근에 월남사지(月南寺址)가 있으며  이곳에 모전석탑(模傳石塔:보물 298)·월남사지 석비(石碑:보물 313) 등의 문화재가 있다. 그 남서쪽에 무위사 극락전(無爲寺極樂殿:국보 13) ·선각대사편광탑비(禪覺大師遍光塔碑:보물 507) 등이 있다.
46. 국립 운악산자연휴양림,경기 포천시 화현면 화동로 184,#가족여행#걷기길#경기권#관광지#국립운악산자연휴양림#나들이#서울근교여행#여름여행#연인과함께#운악산#자연#자연&숲#자연좋은곳#주말추천여행지#치유#피서여행#힐링,운악산자연휴양림 031-534-6330,국립자연휴양림  http://www.huyang.go.kr ,,https://support.visitkorea.or.kr/img/call?cmd=VIEW&id=326a681e-4bc0-4dfc-8a91-378218ebe168,현등산(운악산)은 해발 934.7m의 기암과 봉으로 이루어져 있으며  산세가 아름다워 소금강이라고도 불리워져 왔다. 궁예의 성터가 남아있어 옛 후고구려의 역사적 유래가 남아 있다. 또한  주봉인 만경대를 중심으로 우람한 바위들이 봉우리마다 구름을 뚫고 솟아있는 골짜기 주변으로 하늘을 가리는 활엽수림은 가을이면 단풍으로 물들어 만산홍엽으로 지역축제인 운악산 단풍제가 매년 10월 중순경에 포천시 화현면 운악산 입구에서 산신제 및 사물놀이  꽃 전시회  특산물 전시 및 판매 등 다양한 내용으로 관광객의 사랑을 받고 있다. 4월 중순의 자목련  5월 경 진달래와 산목련이 계곡과 바위마다 수놓은 꽃길은 정말로 장관이다. 또한  관악산  치악산  화악산  송악산과 더불어 중부지방의 5대 악산 중의 하나로 많은 사람들의 사랑을 받는 산이다.
47. 두륜산케이블카,전라남도 해남군 삼산면 대흥사길 88-45,#가족여행#경치좋은곳#관광지#두륜산케이블카#자연#전라권#전망,두륜산 케이블카 061-534-8992~4,두륜산 케이블카  http://www.haenamcablecar.com ,,https://support.visitkorea.or.kr/img/call?cmd=VIEW&id=9fb78e08-f80e-4dd9-94e1-1dbe5c16487a,두륜산은 사찰  유적지 등이 많고 자연경관이 뛰어난 관광지로 한반도의 가장 남쪽 끝에 있는 높이 700.0m의 산으로  난대성 상록활엽수와 온대성 낙엽 활엽수들이 숲을 이룬  식물분포 학상 중요한 가치를 지닌 산이다.  또한 억새밭이 무성하며  여덟개의 크고 작은 봉우리 정상에서는 서해안과 남해안 곳곳의 다도해가 한 눈에 내려다 보인다. 또한  이 산에는 신라 진흥왕 5년 (514년) 아도화상이 세운 대둔사(대흥사)가 있으며  서산대사와도 관련이 있는 유서 깊은 곳으로  절 안에는 표충사를 비롯하여 탑산사 동종 등 보물 4점  천연기념물 1점과 수많은 유물들이 보존되어 있다. 울창한 숲이 이루는 가을 단풍과 푸르른 동백나무는 이 산의 자랑거리이다. 집단시설지구에서 사찰에 이르는  2km의 경내 도로 좌우에는 절경을 이루는 계곡이 이어지고   산자수려한 수목이 울창한 터널을 이루고 있다.  두륜산 케이블카는 천년고찰 해남 대흥사를 비롯하여 고산 윤선도의 녹우당  우항리 공룡화석지  우수영 명랑대첩지  땅끝 마을 등을 연계하는 관광코스로서 1.6km의 선로를 이용하여 초속 3.8m로 8분간 이용할 수 있다.
48. 이동폭포갈비,경기도 포천시 이동면 여우고개로 698,#맛집#수도권#양념갈비#음식#이동폭포갈비#한우등심,080-2080-9292,,연중무휴,https://support.visitkorea.or.kr/img/call?cmd=VIEW&id=bc260ad3-5fc4-4ca2-bc8c-c799e818e7cc,※ 영업시간 10:00 ~ 21:00  이동폭포갈비는 포천이동갈비골목에서도 전망이 제일 좋은 곳이다. 한쪽 창가쪽에는 맑은 계곡물이 흐르고 반대편 창가쪽에서는 50M의 폭포가 떨어지는 것을 볼 수가 있다.
49. 두타산,강원도 삼척시 하장면 두타로,#강원권#관광지#두타산#등산#자연#트레킹,산림과 033-570-3424,삼척 문화관광  http://www.samcheok.go.kr/tour.web ,,https://support.visitkorea.or.kr/img/call?cmd=VIEW&id=8ddf46d6-b62d-4402-a555-478f0bc6495f,높이 1357.0m의 두타산은 태백산맥의 주봉을 이루며  쉰움정  용소 및 주목군  철쭉군  잣나무군  가을단풍 등이 유명하며 제왕운기를 저술한 이승휴의 유허지인 천은사가 산자락에 위치하고 있고 빼어난 산세와 그 속에 잠재되어 있는 문화유적 및 희귀 동식물들이 비경으로 감추어져 오고 있어 해마다 많은 등산객들이 찾고 있다. 두타산은 바람의 산이라 할 만큼 바람이 모질게 부는 곳으로  산 이름인 두타는 불교용어로서 속세의 번뇌를 버리고 불도(弗道)수행을 닦는다는 뜻이다.  * 두타산성 동북쪽 산허리 험준한 곳에 둘레 8607척의 석성이 있어  이것을 두타산성이라고 한다.
50. 아우내한방순대,충청남도 천안시 동남구 병천면 아우내순대길 18,#맛집#음식,041-555-9833,,명절당일,https://support.visitkorea.or.kr/img/call?cmd=VIEW&id=c6385ee3-878a-4a65-8a7c-d9dd3994a74c,※ 영업시간 08:00 ~ 21:00 (주문마감 20:30)  아우내한방순대는 이름에서 알 수 있듯이 한약재료를 사용한 한방순대이다. 한약재료를 사용하여 돼지 특유의 잡내를 제거하였다.
51. 두타산,강원도 동해시 삼화로 533,#관광지#자연,무릉계곡명승지 관리사무소 033-534-7306~7  ,사이버강원관광     http://www.gangwon.to    동해관광  http://www.dh.go.kr/tour/   무릉계곡관광지  http://www.dh.go.kr/tour/  ,,https://support.visitkorea.or.kr/img/call?cmd=VIEW&id=51c4f5d9-35db-4e4f-aa1c-f1f8ea3d2cf0,동해시 삼화동에서 서남쪽으로 약 10.2km 떨어진 두타산은 높이 1357.0m로 북쪽으로 무릉계곡  동쪽으로 고천계곡  남쪽으로는 태백산군  서쪽으로는 중봉산 12당골을 품은 산이다. 두타산은 많은 전설과 역사를 간직한 유서깊은 산이며   두타산에서 삼화사에 이르는 3.1km의 계곡에는 무릉계곡을 비롯하여 두타산성  금란정  용추폭포  쌍폭포와 삼척쪽으로 오십천  천은사 등의 수많은 관광명소가 있어 등산객의 발길을 쉬어 가게 한다.
52. 응봉산(강원),강원 삼척시 가곡면 풍곡리,#강원권#강원응봉산#관광지#등산#자연#트레킹,산림과 033-570-3424,삼척 문화관광  http://www.samcheok.go.kr/tour.web ,,https://support.visitkorea.or.kr/img/call?cmd=VIEW&id=f3595074-4d5d-44fd-98bd-df751f0fb92a,강원도 삼척시와 경상북도 봉화군  울진군에 걸쳐 있는 응봉산은 낙동정맥의 한 지류로  1박 이상을 하여야 두루 구경 할 수 있는 계곡이 두 곳이나 되는 해발 999.7m의 깊은 산이다. 응봉산의 지명은 매와 닮은 산에서 유래했다 전해지며  예전에는 매봉으로 불렀다고 전해지고 있다. 1759년에 제작된 지도인 여지도서(與地圖書)에 가곡산(可谷山)이란 표기가 있는 것으로 보아 응봉산의 옛 이름이 가곡산이었을 것이라고 짐작되어진다.  응봉산에서 가장 각광받는 코스는 용소골 계곡산행이다. 수많은 폭포와 깊은 소들이 산재한 이 계곡은 아마추어 등산인들에게는 매우 모험적인 산행지로 알려져 있다. 용소골은 무인지경의 원시림 속에 꼭꼭 숨겨져 있는 우리나라 최후의 비경지대다. 몇몇 전문 산악인들만 끼리끼리로 찾을만큼 잘 알려져 있지 않지만 그곳의 자연은 전인미답의 표현이 어울릴 정도로 잘 보존되어 있다.  한 굽이를 돌면 또 한 굽이의 계곡이 열리는 장관이 장장 14km에 걸쳐 쉼 없이 펼쳐진다. 이곳 용소골은 3개의 용소가 있다. 기암괴석과 맑은 물  그리고 원시림. 천연수로에 썰매를 타듯 미끄러져 내려오면 마주치는 비경에 절로 감탄이 나온다. 조롱박 모양의 용소폭포는 깊이를 알 수 없을 정도로 시퍼렇다.  등산코스가 험하고 특히 비가 올 때는 들어가지 않는 것이 좋으며 산에서만도 1박2일의 일정이 필요하니 여유있는 일정을 짜는게 좋다.
53. 대암산,강원 양구군 동면,#관광지#자연,양구군청 033-480-2251,양구 문화관광  http://www.ygtour.kr ,연중무휴,https://support.visitkorea.or.kr/img/call?cmd=VIEW&id=24b69338-910f-48fd-abee-57d4290806b2,양구군 동면 팔랑리와 해안면 만대리 인제군의 서화면 서흥리와 경계하고 있는 해발 1312.6 m의 이산은 정상부근의 고층습원으로 알려진 명산으로 1759년(영조 35년) 기묘장적에는 대암산이라고 기록되어 있다. 6.25때 국군 용사들과 북한 괴뢰군 제2사단이 평화롭던 이강산을 피로서 물들이게한 격전지로 백전백승의 사기에 넘친 국군에 의해 점령 수복된 명산이다.  1972년(9.26~10.14) 한국자연 보존연구회가 중심이 되어 민통선지역인 「비무장지대생물상」의 종합학술조사가 실시되므로 식물생태학적인 면에서 특이한 경관을 나타내고 있어서  이상적인 학술 연구 대상지로 높이 평가되었다.  대암산 산정에서 밑으로 약간 내려가면 정상부근에 있는 분지형으로 된 큰 용늪과 작은 용늪은 이 지역의 기후에 의한 것이 아닌 제2의 요인에 의한 것이어서   위고층습원이라는 것이 있다. 습원의 크기는 동서 약 150m  남북 약 100m 내외의 부정형으로 서북에서 동남으로 느린 경사를 이루고 있으며 경사 각도는 5˚~10˚내외이고  습원은 비교적 평탄하게 동남단에 1~2m 높이로 뚝모양을 형성하고 있다. 이 늪은 학술적인 가치 뿐 아니라 「조름나물」을 비록하여 「비로용담」「칼잎용담」「끈끈이주걱」「물이끼」「북통발」등 특산식물의 자생지는 물론 총 163종의 식물이 분포하고 있어 큰 의의를 지닌 곳이다. 또 곤충분야에서도 채집하기 힘든 「벼메뚜기」「참밀드리 메뚜기」「애소금쟁이」「홍도리침노린재」발견의 특이함이 밝혀졌다. 이와같이 휴전선 155마일에 이르는 이 지역은 동식물이 자연상태 그대로 서식하고 있는 그들의 낙원  휴전후 41년간 인위적인 힘이 가해지지 않아 각종의 희귀생물과 원시림에 가까운 숲이 잘 보존되어 있다.  이 고층습원에서 1968년 5월부터 1969년 8월까지의 기간중 김두영에 의해 부유생물 47종이 채집되었고  한편 대암산에 분포한 식물의 종류는 총 59과 123종으로 그 중 고층습원의 특유종이 19종 미기록종 15종이 알려져 있어 생물보고이며 1973년 7월 10일 인근의 대우산과 함께 천연보호구역으로 지정되었다.
54. 자원대구탕,서울특별시 용산구 한강대로62가길 6,#맛집#음식,02-793-5900,,명절연휴,https://support.visitkorea.or.kr/img/call?cmd=VIEW&id=90015503-8aa6-4d18-9967-36f8da76c926,※ 영업시간 10:00 ~ 22:00  대구탕 골목으로 들어서면 자원대구탕을 포함한 몇몇 대구 음식점들이 보인다. 그중에서도 유독 오래된 곳이 바로 이 집이다. 그래서인지 인테리어에서 세월이 느껴지지만 그만큼 깊어진 맛은 사람들의 발길을 붙잡는다.  칼칼한 맛이 그리울 때 한 끼 식사로 어떨까?
55. 청강식당,충청북도 보은군 속리산면 법주사로 252,#맛집#음식,043-542-5081,,,https://support.visitkorea.or.kr/img/call?cmd=VIEW&id=fe5e7102-2583-484e-b3b7-26d7a5a72f77,※ 영업시간 07:00 ~ 24:00  1982년 경에 문을 열었다. 산채비빔밥과 함께 버섯전골을 대표메뉴로 하고 있다.
56. 도락산,충청북도 단양군 단성면 가산리,#관광지#자연,월악산국립공원 043-653-3251,월악산국립공원  http://worak.knps.or.kr ,,https://support.visitkorea.or.kr/img/call?cmd=VIEW&id=536c4e98-fc8a-433d-8d5d-68e39c879ee4,* 길을 깨우치는 즐거움이 있는 산  도락산 *  도락산(965.3m)은 소백산과 월악산의 중간쯤에 형성된  바위산으로 현재 일부가 월악산국립공원 범위 내에 포함되어 있다. 산을 끼고 북으로는  사인암이 서로는 상선암  중선암  하선암 등 이른바 단양팔경의 4경이 인접해 있으므로  주변경관이 더욱 아름답다. 단양 군수를 지낸 퇴계 이황 선생도 절경에 감탄했다고  한다.  능선에는 신선봉·채운봉·검봉·형봉  등의 암봉이 성벽처럼 둘러 있다. 상금교를 건너면 상선암이 있고 비탈진 능선을  거쳐 작은 선바위와 큰 선바위를 만난다. 도락산에서 전망이 제일인 신선봉에는 거대한  암반에 노송들이 솟아 있고 눈앞에는 월악산이 버티고 있다．황정산  수리봉  작성산   문수봉  용두산 등의 연봉이 보인다. 암릉·계곡·숲길의 풍치가 뛰어난  정상까지 암릉길 바위틈에 솟은 청송은 암벽과 함께 산수화를 그린다.  * 도락산 이름의 유래 *  도락산이라고 산 이름을 지은이는 바로 우암 송시열  선생이  깨달음을 얻는데는 나름대로 길이 있어야 하고 거기에는 필수적으로  즐거움이 있어야 한다 는 뜻에서 산 이름을 지었다는 우암의 일화가 전해온다.  우암선생의 인품을 도락산에 올라가 음미해보면 감명 깊게 느낄 수 있는 곳이다.
57. 나무와 새[한국관광 품질인증/Korea Quality],강원도 홍천군 서면 한치골길 990,#강원추천숙소#나무와새#숙박#숙소#우수숙소#인증숙소#추천숙박#칭찬받았습니다#펜션#한국관광품질인증#한국관광품질인증업소#한옥#한옥숙소#홍천숙소#홍천추천숙소,033-433-4339, http://www.namusae.co.kr ,,https://support.visitkorea.or.kr/img/call?cmd=VIEW&id=4029d85d-3c65-4dac-aeb8-7dd3d5d2c4dd, 강원도 홍천에 위치한 나무와 새는 한옥 펜션이다. 2011년에 지어진 한옥 펜션으로 눈앞에는 팔봉산의 산새가 시원하게 펼쳐지고  아래로는 홍천강이 잔잔하게 흐르는 곳에 위치해 아름다운 풍광 속에 휴식이 절로 된다. 한옥 특유의 고풍스러움을 느낄 수 있으면서도 독립적이고 편리한 한옥이 바로 한옥형 펜션이다. 높은 천장이 주는 시원함과 온돌방  침대방  현대식 부엌까지 모든 것을 한데 갖춰 이용하는 사람들에게 최대한 불편함이 없도록 설계했다. 집의 목재로는 계방산 운두령 고개의 소나무를 사용했고  집 안에는 천연 황토와 숯  목초액으로 마무리를 해 건강하고 독특한 나무 향이 난다. 인근 비발디파크와 10분 이내로 가까워 사계절 레저가 가능한 곳이다.   
58. 덕항산,강원도 삼척시 신기면 대기리,#강원권#관광지#덕항산#등산#자연#트레킹,대이동굴관리사무소 033-541-9266,삼척 문화관광  http://www.samcheok.go.kr/tour.web ,,https://support.visitkorea.or.kr/img/call?cmd=VIEW&id=6fe75aa5-fefc-4946-9e4c-4ff861bbd017,환선굴이 있는 산이며  이 덕항산 일대가 대이동굴지대로 천연기념물 제 178호로 지정되어 있다. 신기면 대이리 군립 공원내에 위치하고 있으며 산중턱에는 지하 금강산이라 불리우는 동양최대의 동굴인 환선굴이 자리잡고 있다. 봉우리마다 독특한 멋을 한껏 뽐내며 산세가 아늑하기는 “여인의 품”과 같아 입구에 들어서는 순간 포근함을 느낄 수 있는 산이다. 기암괴석으로 이루어 진 병풍암이 동남으로 펼쳐지는 아름다운 산으로 주변에는 너와집  굴피집  통방아 등 많은 민속유물이 자연 그대로 보존되어 있어 등산객의 발길이 끊이지 않는다.  [산림청이 선정한 야생화 100대 명소] 강원도 덕항산(1072.9m)은 해발 1 000m 이상의 산지로는 남한에서 가장 넓은 면적의 노출된 석회암벽이 분포하는 석회암지대 중 하나이다. 행정구역상으로는 삼척시와 태백시에 걸쳐 있으며 백두대간의 줄기로서 북으로 청옥산과 두타산이  남으로는 함백산과 태백산과 같은 아고산에 해당하는 산지와 연결되어 있다. 덕항산 일대는 특산식물 및 희귀식물들이 다수가 분포하며  여러 북방계 식물의 남방한계가 되는 곳으로 식물지리학적으로 중요한 곳으로 알려져 있다. 6월 덕항산에서 쉽게 관찰할 수 있는 야생화로는 환선굴로 올라가는 구간의 석회암지대에는 참작약  가는대나물  산새콩  벌깨풀  솜방망이 등을 관찰 할 수 있으며  골말~지암재 구간에는 백리향  터리풀  하늘말나리  초롱꽃 등을 관찰 할 수 있다.
59. 진원조 보신 닭한마리,서울특별시 종로구 종로 252-11,#맛집#음식,02-2272-2722,,명절당일,https://support.visitkorea.or.kr/img/call?cmd=VIEW&id=0bcf986a-d590-40c8-8781-38474d1689db,※ 영업시간 10:00 ~ 24:00  20여 년 전에 문을 열었다. 2007년   보신닭 영계의 제법  으로 특허 등록을 마쳤다. 각종 한방재료와 야채와 양념들로 육수를 만들어 끓여내는 요리법을 특허 등록을 한 것이다. 끓여 나오는 육수가 진하고 구수하면서도 시원하다. 일본인 여행자들도 좋아한다.
60. 먹거리순대,충청남도 천안시 동남구 병천면 아우내순대길 27,#맛집#음식,041-564-2544,,명절연휴,https://support.visitkorea.or.kr/img/call?cmd=VIEW&id=7cec908b-7352-4e16-b6bf-a2e5f30ca56f,※ 영업시간 07:00 ~ 20:30  병천순대거리의 순대집들 중 항상 엿장수 아저씨가 있는 곳을 본다면 그곳이 아우내 먹거리 순대이다. 매일 육수를 만들기 때문에 깨끗하고 신선한 맛을 느낄 수 있다.
61. 두타산(충북),충청북도 진천군 초평면 용정리,#관광지#자연,문화홍보체육과 043-539-3623,진천군 문화관광  http://www.jincheon.go.kr/site/tour ,연중무휴,https://support.visitkorea.or.kr/img/call?cmd=VIEW&id=null,두타산(1357.0m)은 진천군 초평면  증평군 도안면과 증평읍의 경계를 이루고 있으며 부처가 누워있는 모습을 지니고 있다.  진천의 상산 8경 중의 하나인 고찰 영수사를 산자락에 품고 있는 은은한 종소리와 함께 아름다움을 간직한 명산이다. 또한  두타산 인근에 자리하고 있는 초평저수지 주변에서 초평의 별미  초평붕어찜도 먹어봄직하다.
62. 응봉산(울진),경상북도 울진군 북면 덕구리,#경상권#관광지#등산#울진응봉산#자연#트레킹,응봉산 (안내초소) 054-783-9007,,,https://support.visitkorea.or.kr/img/call?cmd=VIEW&id=5b3e1ab8-54d0-4703-bcf2-217b495d4ca7,백두대간 낙동정맥으로 동해를 굽어보며 우뚝 솟아 있어 산세가 험준하고 변화스럽다. 전설에 의하면 옛날조씨(趙氏)가 매사냥을 하다가 매를 잃어버렸는데 산봉우리에서 매를 쫓아 이곳을 응봉(鷹峯)이라 부르고 그래서 속칭 매봉산이라 부른다. 높이는 999.7 이며  산맥이 남서쪽 통고산으로 흐르고  동쪽 기슭에는 덕구계곡이 있고 그 너머 남동쪽에는 구수곡계곡이 있어 맑은 물이 항상 흐르고 있다. 특히 덕구 및 구수곡계곡의 상단부에는 울진금강송 천연림이 있으며 동남쪽 계곡절벽 등에는 천년기념물인 산양이 서식한다. 서북쪽은 강원도 삼척시 원덕읍 가곡리에 면해 있다. 응봉산 정상에서 동해바다가 보이며 등산로가 있어 등산을 즐길 수 있고 주변 관광지로 덕구계곡  덕구온천  구수곡자연휴양림이 있으며 가까운 거리에 죽변항구가 있어 산림욕  온천욕  해수욕을 고루 즐길 수 있는 천혜의 웰빙 관광지이다.
63. 백운산(포천),경기도 포천시 이동면 포화로 236-73,#관광지#자연,산림녹지과 031-538-3341,,,https://support.visitkorea.or.kr/img/call?cmd=VIEW&id=null,백운산(해발 903.0m)은 정상은 육산이지만 올라가는 계곡길과 능선길 곳곳에 화강암으로 된 바위와 깎아세운 듯한 단애가 있어 등산객들이 좋아한다. 경기도와 강원도를 구분짓는 산으로 주변의 광덕산  국망봉  박달봉 등과 같은 높은 봉우리들과 무리를 이루고 있다. 크고 작은 연봉들과 기암괴석이 어우러진 가운데  깊은 계곡에서 흐르는 옥수와 구비마다 전설을 간직한 취선대 등 절경이 사계절 모두 독특한 비경을 간직하고 있다.  산행은 일명   캐러멜 고개  라 불리는 광덕고개 마루턱에서 시작하는게 좋다. 이 이름은 한국전쟁 당시  험하고 구불구불한 이 고개를 넘는 미군 지프 운전병이 피로에 지쳐 졸 때 상관이 운전병에게 캐러멜을 건네주었다해 붙여진 별명이다. 광덕고개 왼편  능선을 따라 오르면 억새풀밭이 나온다. 완만한 경사길을 따라 능선을 타고오르면 백운산 정상이 보인다. 봉우리를 두어개 넘고 싸리나무가 있는 길을 지나 다시 두 개의 봉우리를 넘으면 정상에 이른다. 북쪽으로 광덕산이  남쪽으로는 국망봉이  동쪽으로는 명지산과 화악산이 뚜렷하게 보인다. 하산은 서쪽으로 뚫리는 능선길을 따라간다. 오른쪽으로 흥륭봉을 바라보며 참나무  소나무숲을 지나면 곧 광덕고개와 백운계곡으로 갈라지는 길이 나온다. 계곡에서 흥룡사를 지나 주차장까지 내려오면 총 4시간 30여분이 걸린다.
64. 갈비명가할머니집,경기도 포천시 이동면 화동로 2000,#맛집#음식,031-531-1700, http://www.galbimyoungga.com ,연중무휴,https://support.visitkorea.or.kr/img/call?cmd=VIEW&id=6392417f-0333-4f4b-b212-7d491715c093,※ 영업시간 09:00 ~ 21:00  39년째 이어오는 갈비명가할머니집은 포천이동갈비골목에서도 오래된 곳이다. 공식적으로 연 것은 1990년대 중반이지만 원래는 포천이동갈비에서 원조로 유명했던 느티나무갈비를 운영하다가 팔고 새로 확장이동한 곳이 이동갈비명가할머니집이기 때문이다.
65. 석조부도,대구광역시 북구 대학로 80,#경상권#관광지#교과서속여행#문화재#석조부도#역사#역사관광지#역사를품은곳#역사문화재#역사속#역사속으로#역사유적#역사유적지#역사이야기#역사탐방#역사탐험,대구 북구 관광자원개발과 053-665-4326,대구 북구 문화관광  http://www.buk.daegu.kr/tour/index.do   문화재청  http://www.cha.go.kr ,,https://support.visitkorea.or.kr/img/call?cmd=VIEW&id=be10dea1-878e-4e70-99c5-2a5abb47788a,* 대구 산격동 연화 운룡장식 승탑 *   높이 274㎝  지대석 너비157㎝ 석조부도는 승려의 사리를 모셔 놓은 곳으로  사리탑이라 부르기도 한다. 경북대학교 야외박물관에 세워져 있는 이 부도는 대구시에 거주하던 일본인 소창무지조(小創武之助)의 사택에 있던 것을 현 위치로 옮겼 놓았으며  원래의 위치나 주인공에  대해서는 알려지지 않고 있다. 사리를 넣어두는 탑신(塔身)을 중심으로  아래에는 이를 받쳐주는 기단부(基壇部)를 두고  위로는 머리장식을 얹었다. 지대석(地臺石)위에 하대(下臺) 중대(中 臺) 상대(上臺)가 있으며 하대석(下臺石)과 중대석(中臺石)에서 고려시대의 특색이 가장 잘 나타나 있다. 기단의 하대석은 4각이며 각 면에는 엎어놓은 연꽃무늬가 조각되어 있다. 중대석은 동그스름한 8각으로  표면 전체에 구름이 새겨져 있으며  앞·뒤·좌·우에는 용 네 마리가 도드라지게 조각되어 있다. 각이 선명하고 강인함이 느껴지는데  여기에서도 고려시대의 기상이 묻어나온다. 탑신은 8각의 몸돌 모서리에 기둥 모양을 본떠 새겼다. 앞·뒷면에는 문짝 모양을 조각하였으며  그 좌우에는 불법을 지켜주는 4천왕(四天王)을 새겨 놓았다. 상대석 역시 8각이며  꼭대기에서 가파른 경사를 보이다가 밑에서 넓게 퍼져 있다. 낙수면의 각 모서리선은 뚜렷하며 여덟 곳의 귀퉁이에서 살짝 들려 있다. 전체적으로 8각의 양식을 잘 따르면서도 고려시대의 특징이 잘 나타나 있다. 곳곳에서 여주의 고달사지부도(국보 제4호)를 떠올리게 하지만 조각수법이 다소 뒤떨어져 있으며  고려 전기에 만들어졌을 것으로 보인다. 탑신의 윗부분이 조금은 움츠러든 감이 있으나  중대석에  새겨진 구름과 용무늬는 기단부의 웅장함을 돋보이게 한다.  * 대구 산격동 사자 주악장식 승탑 *   보물 제 258호 역시 경북대학교 야외박물관에 보존되고 있으며  대구시내에 거주하던 일본인 소창무지조(小創武之助)의 집에 있던 것을 1958년 현재의 위치로 옮겼는데  원소재지는 알 수 없고 누구의 부도인지도 알 수 없다. 전체적으로 8각의 평면을 기본으로 삼아 각 부분을 이루고 있으며  3단으로 이루어진 기단(基壇) 위에 탑신(塔身)을 올리고 지붕돌을 얹은 형태이다. 기단(基壇)·탑신(塔身)·옥개(屋蓋)·상륜(相輪)이 팔각원당형(八角圓堂型)의 형식을 따른 고려시대의 전형적인 부도이다. 네모진 바닥돌 위에 올려진 기단은 하대(下臺) 중대(中 臺) 상대(上臺)로 나뉘어지는데  하대석 옆면에는 사자를 새겨 놓았고  윗면에는 구름을 입체적으로 조각하였다. 중대석은 모서리를 죽이고 각 면마다 악기를 연주하는 모습을 새겼다. 상대석은 가운데 띠를 돌리고 아래·윗면에 소박하면서도 큼직한 연꽃을 조각하였다. 사리를 모셔놓은 탑신은 낮은 편이며  모서리에는 기둥 모양을 새기고 앞·뒷면에는 자물쇠가 달린 문짝 모양을  나머지 면에는 사천왕상(四天王像)과 보살상을 조각하였다. 넓은 지붕돌은 밑면에 향로와 비천상(飛天像)을 아름답게 새겼으며  처마부분은 목조건축의 지붕양식을 따라 2중의 서까래를 촘촘히 본뜬 조각이 있다. 윗면에는 연꽃이 둘러져 있으며 그 위의 4면에는 불교의 낙원에 산다는 새인 가릉빈가(迦陵頻伽)를 조각한 노반(露盤:머리장식받침)이 올려져 있어 웅장함을 더해준다. 이 부도는 지붕돌 일부가 깨지고 온전한 상태로 남아 있지는 않지만  위아래의 비례가 잘 맞아 아름다운 작품이다. 각 부분의 조각이 웅장하고 뛰어나며  고려시대의 특징이 잘 나타나고 있다. 
66. 미륵산(통영),경상남도 통영시 봉수돌샘길 115,#경상권#관광지#등산#미륵산#자연#전망좋은곳#트레킹,통영관광정보센터 055-650-2570  통영관광안내소 055-650-0580,통영 문화관광  http://www.utour.go.kr ,,https://support.visitkorea.or.kr/img/call?cmd=VIEW&id=df66472c-418c-4618-987d-2af65226cfdb,통영시 남쪽  미륵도 중앙에 우뚝 솟은 위풍당당한 산이 미륵산(458.4m)이다. 미륵산을 용화산(龍華山)이라 부르기도 하는데 이 산에 고찰 용화사가 있어 그렇게 부른다고도 하고  또 이 산은 미륵존불(彌勒尊佛)이 당래(當來)에 강림하실  용화회상(龍華會上)이라 해서 미륵산과 용화산을 함께 쓴다고도 한다.  미륵산 자락에는 고찰 용화사와 산내 암자 관음암  도솔암이있고 효봉문중(曉峰門中)의 발상지 미래사(彌來寺)가 있다. 미륵산은 그리 높은 산은 아니지만 명산으로서 덕목을 두루 갖추고 있어 울창한 수림 사이로 맑은 물이 흐르는 계곡이 있고 갖가지 모양의 기암 괴석과 바위굴이 있다. 고찰과 약수  봄 진달래와 가을 단풍이 빼어나고 산정에 오르면 한려해상의 다도해 조망이 표현할 수 없을 정도로 아름답게 보이며  청명한 날에는 일본 대마도가 바라다 보인다.
67. 좌수영성지,부산광역시 수영구 수영성로 43,#경상권#관광지#교과서속여행#문화재#역사#역사공부#역사관광지#역사를품은곳#역사문화재#역사속#역사속으로#역사유적#역사유적지#역사이야기#좌수영성지,부산 수영구 문화관광과 051-610-4067,수영구 문화관광  http://www.suyeong.go.kr/tour   문화재청  http://www.cha.go.kr ,,https://support.visitkorea.or.kr/img/call?cmd=VIEW&id=7bd94e05-7bea-4c83-9f96-a664d11744d9,* 국토방위를 책임지던 곳  좌수영성지 *  부산광역시 수영구 수영동 일대에 위치한 좌수영성지는 경상남도 옛 수군의 본영이다. 좌수영은 조선시대에 동남해안을 관할했던 군영으로  예로부터 남쪽지방이 지리적인 요인으로 잦은 왜구의 침략으로 피해를 받자  왜구를 토벌하기 위해 부산에는 경상좌수영을  통영에는 경상우수영을 세워 남쪽의 국토 방위를 책임졌다. 원래 좌수영은 남구 감만동에 있었는데 태종때 울산 개운포로 이전했다가 임진왜란 직전에 현재의 수영동으로 옮겨졌다고 한다. 좌수영성의 축조연대는 정확하지 않고 숙종18년(1692년)에 개축한 것이라 한다. 좌수영의 동 서 남 북에는 영일문  호소문  주작문  공진문이라 불리는 4개의 문이 있었으며  일정한 시각에 폐문루  관해루에 달아둔 북을 울려 여닫았다. 그밖에 3개의 우물과 4개의 배수구  옹성  치성  보루 등이 있었다. 그러나 일제강점기에 대부분이 파손되어 현재는 성벽임을 짐작하게 해주는 620m 길이의 돌터와 홍예문  배수구  그리고 성의 존재를 증명하듯 수영공원 동쪽 입구에 남문만이 자리하고 있으나 이 남문도 제자리가 아니다. 남문 양쪽에는 박견이나는 개 형상을 한 독특한 돌조각이 마치 남쪽을 향해 입구를 수호하듯 나란히 배치되어 있다. 좌수영성지는 부산기념물 제8호로 지정되어 있다.  * 좌수영성지의 구축 및 역할 *  축성에 동원된 인력이 얼마인지 알 수 없으나 현재 남아 있는 돌에 언양·양산 등의 지명이 새겨져 있어  각지의 민정을 동원하였음을 알 수 있다. 그밖에 3개의 우물  4곳의 배수구  옹성(甕城)  치성(雉城)  보루(堡壘) 등이 있었다. 일제강점기에 관리가 소홀하여 대부분 폐허가 되었으나 성벽·남문·홍예문·배수구 등이 남아 있다. 경상좌도 수군절도사  종군  왜학훈도(倭學訓導)가 있었으며  7개의 진(鎭)이 소속되어 모두 65척의 전선과 40척의 나룻배가 낙동강의 동쪽에서 경주까지의 전 해상을 방어하였다. 
68. 백암산(장성),전라남도 장성군 북하면 신성리,#관광지#자연,내장산국립공원백암사무소 061-392-7288,내장산국립공원  http://naejang.knps.or.kr ,,https://support.visitkorea.or.kr/img/call?cmd=VIEW&id=3936adeb-ef34-4448-ab2f-044647d92844,노령산맥이 남서쪽으로 뻗다가 호남평야에서 솟아 오른 높이 741.20m의 명산으로 국립공원 내장산 남부 지구에 속한다. 백암산의 절경은 결코 내장산에 뒤지지 않는다. 백학봉과 상왕봉  사자봉 등의 기암괴석이 곳곳에 널려 있다.  가을 단풍철이라면 산행은 백양사를 출발  약수동계곡으로 올랐다가 최고봉인 상왕을 거쳐 학바위로 내려오는 코스를 잡는다. 약수동계곡의 단풍 터널  속을 뚫고 나가는 기분과 역광에 비친  학바위 주변의 단풍을 함께 볼 수 있기 때문이다. 특히 비자나무 숲과 회색줄무늬  다람쥐가 유명한 이곳에는 대한 불교 조계종 고불총림인 대사찰 백양사도 있다. 백양사라는 이름은 환양선사가 설법을 할 때 흰양이 듣고 깨우침을 얻었다는 전설에서 유래되었다고 전한다.
69. 장원닭갈비,강원도 춘천시 금강로62번길 9-1,#맛집#음식,033-254-6388,,연중무휴,https://support.visitkorea.or.kr/img/call?cmd=VIEW&id=91750af6-9f7d-4369-aa2f-c2e9d0cddc88,※ 영업시간 10:00 ~ 24:00  2대에 걸쳐 이어오고 있는 장원닭갈비는 38년의 전통을 가지고 있다. 양념을 직접 만들고 항상 주인이 가게에 상주하며 손님을 맞고 있다.
70. 모악산,전라북도 완주군 구이면,#관광지#자연,모악산 도립공원 관리사무소 063-290-2752,완주 문화관광  http://www.wanju.go.kr/tour/  ,※ 기상여건에 따라 통제 가능,https://support.visitkorea.or.kr/img/call?cmd=VIEW&id=1923a923-d89b-4cb5-a856-581e6876050d,* 연경관이 빼어 난 호남사경 중 하나 *  호남고속도로의 교차로에서 6Km 거리에 있는 모악산은 높이 795.2m로 김제평야의 동쪽에 우뚝 솟아있어 호남평야를 한눈에 내려다 볼 수 있다. 1971년 도립공원으로 지정되었으며 호남 4경의 하나로 꼽을 정도로 경관이 빼어나고 국보와 보물 등의 문화재가 많다. 특히 이곳에는 백제 법왕 원년(599년)에 세워지고 10여 점의 각종 주요 문화재를 갖고 있는 금산사가 자리하고 있어 찬란한 불교예술을 살펴볼 수 있다.  모악산을 넘어서 동남쪽 중턱에 대원사  수왕사 등의 사찰이 있고  서쪽으로 귀신사가 있다. 불교의 미륵사상이 도입된 이래 호남지방에서 미륵사상은 모악산을 중심으로 펼쳐졌다. 예로부터 미륵신앙의 본거지로 여겨져 증산교와 더불어 30-40년대 각종 신흥종교 집단지로도 관심을 끌었으며 모악산 기슭에는 대원사  귀신사  수왕사 등의 사찰을 비롯해 무려 80여개의 암자가 있었다고 한다.  * 호남평야와 김제평야의 젖줄 * 모악산 정상에서 흐르는 물은 동으로 구이저수지  서로 금평저수지  남으로 안덕 저수지  북으로 는 불선제  중인제  갈마제를 채우고 김제평야와 호남평야를 온통 적셔주는 젖줄의 역할을 하고 있다. 모악산의 봄 경관은 아름답다. 흔히 호남사경을 말 할 때 첫 번째가 금산사의 봄 경치이고  다음이 변산반도의 여름풍경  내장산의 가을단풍  그리고 끝으로 백양사의 설경을 꼽는다.  * 진달래와 벚꽃이 만발한 곳 모악 춘경 *  4월이 되면 주차장에서 일주문에 이르기까지의 벚꽃 터널은 장관이다. 진달래가 만발해 꽃구경을 하면서 정상까지 오를 수 있다. 산 전체에 벚꽃이 만발하고 신록이 우거져 예로부터 모악춘경(母岳春景)이라 불리는 것 또한 이런 이유에서 이다. 여러 갈래로 나누어진 수많은 등산코스는 제각기 독특한 풍광과 민속신앙을 담은 암자가 하나씩 어우러진 신비감마저 불러일으킨다. 정상에 오르면 김제평야와 만경강이 시야에 들어오고 동으로 전주가 발아래 있고  남으로는 내장산  서쪽으로는 변산반도가 멀리 보인다.
71. 북한산국립공원(서울),서울특별시 성북구 보국문로,#관광지#북한산#북한산국립공원#생태#생태관광#생태관광지#서울권#수도권#자연#자연#힐링,북한산국립공원사무소 : 02-909-0498   북한산국립공원도봉사무소 : 031-828-8000,북한산국립공원  http://bukhan.knps.or.kr ,※ 기상여건에 따라 통제 가능,https://support.visitkorea.or.kr/img/call?cmd=VIEW&id=e9bcafb1-55bf-47f3-a8dd-6549f30b6e09,북한산은 1983년 국립공원으로 지정되었으며 총면적(도봉산 포함)은 80.669㎢다. 북한산의 정상은 백운대(835.6m)·인수봉(810.5m)·만경대(799.5m)로 조선시대에는 삼각산(三角山)으로 불리기도 하였다.  이는 최고봉 백운대(白雲臺)와 그 동쪽의 인수봉(仁壽峰)  남쪽의 만경대(萬景臺  일명 국망봉)의 세 봉우리가 삼각형의 모양을 이루고 있기 때문이다. 이외에도 삼봉산(三峰山  세봉오리로 이루어진 산)  화산(華山  꽃이 만발하는 산) 또는 부아악(負兒岳  어린아이를 등에 업고 있는 모습) 등 역사적으로 여러 가지 이름으로 불리기도 하였다. 북한산으로 불리게 된 것은 조선 숙종때 북한산성을 축성한 뒤부터라고 추정된다.
72. 구천서원,대구광역시 북구 구암로21길 41,#경상권#관광지#교과서속여행#구천서원#서원#역사#역사공부#역사관광지#역사를품은곳#역사문화재#역사속#역사속으로#역사유적#역사유적지#역사이야기#역사탐방#역사탐험,대구 북구 관광자원개발과 053-665-4326,대구 북구 문화관광  http://www.buk.daegu.kr/tour/index.do   문화재청  http://www.cha.go.kr ,,https://support.visitkorea.or.kr/img/call?cmd=VIEW&id=7a6cba2e-53f5-45bd-bfa4-097455c72119,1701년(숙종 27) 지방유림의 공의로 박맹지(朴孟智)·양관(梁灌)·표연말(表沿沫)·강한(姜漢)·양희(梁喜)·하맹보(河孟寶)의 학문과 덕행을 추모하기 위해 창건하여 위패를 모셨다. 선현배향과 지방교육의 일익을 담당하여오던 중  대원군의 서원철폐령으로 1869년(고종 6) 훼철되었다. 그뒤 후손들이 불망계(不忘契)를 조직  구천재와 유허비를 세워 헌례(獻禮)를 올려오다가  1983년 복원하고 양홍주(梁弘澍)를 추가 배향하여 지금에 이르고 있다. 
73. 방장산,전라북도 고창군 신림면 신평리,#관광지#등산#방장산#산#자연#전라권#전망좋은곳,고창군청 산림공원과 063-560-2603,고창 문화관광  http://www.gochang.go.kr/culture ,,https://support.visitkorea.or.kr/img/call?cmd=VIEW&id=fa6bdb40-70c0-4348-8247-286299aa3840,방장산(733.6m)은 노령산맥의 한줄기로서 고창읍 월곡리  신림면 신평리 일대에 거대한 주봉을 이루고 있으며  정읍 입암산과 연결된다. 또한  이 산은 고창의 진산이요  고창에서 제일 영봉이며 고창을 지켜주는 영산으로 정읍의 두승산  부안의 변산과 함께 전북의 삼신산이라 일컬어지고 있다. 지리산가  정읍사  선운산가  무등산가와 더불어 백제5대가요중 하나인 방등산가가 전해오고 있다.  옛 문헌에 의하면 방등산은 그 이후 세월이 흘러 반등산으로 변하여 부르게 되었으며  근래에 와서 산이 크고 넓어 모든 백성을 포용한다는 의미에서 다시 방장산으로 고쳐서 부른 것으로 전해오고 있다. 일설에는 모화사상에서 비롯된 것이라고도 한다. 방장산에는 천년고찰인 상원사  임공사가 있으며 근래에 세운 미륵암이 있다. 또한  수심이 깊어 용이 승천하였다는 용추폭포가 흐른다.  방장산 정상에 오르면 신선지경에 이르며 고창읍을 비롯하여 광활한 야산개발지와 멀리는 서해바다가 보이며 동쪽으로는 광주 무등산까지 보인다. 고창에 오시는 분은 한번쯤은 방장산 정상에 올라간 후 하산하여 석정온천 약수물에 피로를 씻는 것도 건강의 비결이라고 할 수 있다.
74. 백운산(정선),강원도 정선군 신동읍 점재길,#관광지#자연,정선군 관광안내소 1544-9053,정선여행  http://www.ariaritour.com ,,https://support.visitkorea.or.kr/img/call?cmd=VIEW&id=059b4ad4-c206-4f68-b013-ef8a30b44880,산 위에서 조감하는 동강의 굽이치는 모습은 숨겨진 보석을 발견한듯 색다른 느낌을 준다. 백운산은 정선에서 흘러나온 조양강과 동남천이 합쳐져서 이루어진 동강의 가운데에 위치하고 있는 해발 883.5m의 산으로 산행은 정선군 운치리 점재나루에서의 도강(渡江)에서부터 시작하며 평창군 미탄면 문희마을로 내려가는 게 보통이다. 정상에 오른 후  크고 작은 5개의 봉우리들로 이어진 능선을 따라 오르내리기를 반복하는 독특한 등산로이며 등산을 하면서 굽이굽이 흐르는 동강과 주변 산들이 연출해 내는 절경을 한 눈에 감상할 수 있는 게 이  곳만의 매력이다. 또한 백운산은 경사가 급하고 등산로가 동강변을 바라보는 벼랑 끝으로 아슬아슬하게 걸려있는 구간이 많아 위험하므로 초심자 혼자서 등산하는 것은 삼가고 비가 오는 날엔 바위가 미끄럽기 때문에 가급적 등산을 피하는 것이 좋다.
75. 팔거산성,대구광역시 북구 노곡동,#경상권#관광지#교과서속여행#기념물#역사#역사관광지#역사를품은곳#역사문화재#역사속#역사속으로#역사유적#역사유적지#역사이야기#역사탐방#역사탐험#팔거산성,대구 북구 관광자원개발과 053-665-4326,대구 북구 문화관광  http://www.buk.daegu.kr/tour/index.do   문화재청  http://www.cha.go.kr ,,https://support.visitkorea.or.kr/img/call?cmd=VIEW&id=b844a8ee-9357-4c8c-ab3f-b4148bfef265,팔거산성은 일명 독모성(獨母城)이라 기록(記錄)되기도 하며  가산산성 (架山山城)이 구축되기 전까지는 대구 북방의 군사적 요충지였다. 대구광역시 북쪽 팔공산의 지맥 끝자락에 위치한 산성으로  성안에 평지와 계곡을 품고 산꼭대기를 둘러 쌓았다. 산의 생김새가 함지를 엎어놓은 것과 비슷하여  이 산을 함지산 또는 방티산이라 부르기도 한다. 해발 300m가 넘는 가파른 경사를 이용하여 흙과 잡석을 섞어 쌓았다. 산성의 서쪽 기슭 아래에 4∼5세기경에 만들어진 무덤들이 흩어져 있는 것으로 보아  팔거산성 역시 이 무덤을 쌓은 세력 집단에 의해 만들어진 것으로 짐작된다. 
76. 명동본가닭갈비,강원도 춘천시 금강로62번길 14,#맛집#음식,033-241-4400, http://mdbg.modoo.at ,둘째주 수요일(1월  2월  7월  8월 제외),https://support.visitkorea.or.kr/img/call?cmd=VIEW&id=bab68a1a-7180-4416-ad53-b0323272a00f,※ 영업시간 09:00 ~ 23:00  명동본가닭갈비는 100% 국내산 고기를 사용하고 김치도 직접 담글 정도로 손님을 생각하는 곳이다. 조미료와 기름을 최소한의 양을 사용하고 밥을 비빌 땐 다른 곳과는 다르게 들기름을 사용한다. 춘천의 또 다른 유명한 먹거리인 막국수도 판매하는데 다른 곳과는 다르게 직접 뽑기 때문에 맛의 차별을 느낄 수 있다.
77. 서계서원,대구광역시 북구 호국로51길 45-17,#경상권#관광지#교과서속여행#서계서원#서원#역사#역사공부#역사관광지#역사를품은곳#역사문화재#역사속#역사속으로#역사유적#역사유적지#역사이야기#역사탐방#역사탐험,대구 북구 관광자원개발과 053-665-4326,대구 북구 문화관광  http://www.buk.daegu.kr/tour/index.do  문화재청  http://www.cha.go.kr ,,https://support.visitkorea.or.kr/img/call?cmd=VIEW&id=5dcb54eb-4bce-4aa9-81ff-e8b450705eca,서계서원 (西溪書院)은 1781년(정조 5) 지방유림의 공의로 이문화(李文和)의 학문과 덕행을 추모하기 위해 창건하여 위패를 모셨다. 1801년(순조 1) 이주(李輈)를 추가 배향하여 선현배향과 지방교육의 일익을 담당하여 왔다. 대원군의 서원철폐령으로 1868년(고종 5)에 훼철되었다가 그 뒤 점차 복원하여 오늘에 이르고 있다. 경내의 건물로는 3칸의 사우(祠宇)  신문(神門)  동·서 협문(夾門)  3칸의 강학당  1칸의 서고(書庫)  각 3칸의 동재(東齋)와 서재(西齋)  주사(廚舍)·대문 등이 있다. 사우에는 이문화와 이주의 위패가 봉안되어 있다. 강학당은 화수정(花樹亭)이라 칭하는데 1924년에 중건된 건물이다. 동재는 금수랑(琴水廊)이라 칭하며 서원 내의 여러 행사와 유림의 회합  학문의 토론장소 등으로 사용되며  문헌과 가보(家寶)를 보관하고 있다. 서재는 희리당(希理堂)이라 칭하여 유생이 강학하는 곳으로 사용하였으며  창포리에 있는 환성정(喚惺亭)을 서재로 옮겨 왔다. 서고는 부용장(芙蓉帳)이라 하여 유생의 휴식소 겸 숙소로 사용하고 있으며  주사는 향사 때 제수(祭需)를 마련하여 두는 곳이다. 이 서원에서는 매년 봄과 가을에 향사를 지내고 있으며  소장전적으로는『오천실기(烏川實紀)』 외 200여 권이 있다.  
78. 고향냉면,인천광역시 동구 화평로 6,#맛집#음식,032-777-9393,,연중무휴,https://support.visitkorea.or.kr/img/call?cmd=VIEW&id=a6c46a05-012c-4d8f-a203-97a15cb44432,※ 영업시간 10:00 ~ 22:00  1993년 쯤 문을 열었다. 깔끔한 실내와 각종 조형물 인테리어로 편안한 분위기에서 음식을 즐길 수 있다.
79. (구)인천일본제58은행지점,인천광역시 중구 신포로23번길 69,#관광지#교과서속여행#구인천일본제58은행지점#문화재#수도권#역사#역사관광지#역사를품은곳#역사문화재#역사속#역사속으로#역사유적#역사유적지#역사이야기#역사탐방,인천시 중구 문화유산팀 032-760-6474,인천 중구 문화관광  http://www.icjg.go.kr/tour  문화재청   http://www.cha.go.kr ,,https://support.visitkorea.or.kr/img/call?cmd=VIEW&id=7e62f852-bb74-41d6-a527-df82341d62d6,일본 오사까(大阪)에 본점을 둔 일본 제 58은행이 설치한 인천지점으로 1892년에 개점하였다. 1946년에 조흥은행이 인천지점으로 사용하였으나 1958년 이후 신사옥을 지어 옮겨가면서 적십자사 경기도지사로 사용하다가 현재는 인천 중구 요식업조합에서 사용하고 있다. 지상 2층 건물로서 1층은 돌기단으로 되어 있고  2층 발코니와 아래 방을 지붕창이라 부르는 도머(Dormer)창이 있다. 지붕은 2중으로 경사를 이루고 있는 맨사드(Mansard) 지붕을 조합하여 전체적으로 프랑스식 르네상스 양식이다. 
80. 매양서원,대구광역시 북구 매천로37길 48,#경상권#관광지#교과서속여행#매양서원#서원#역사#역사공부#역사관광지#역사를품은곳#역사문화재#역사속#역사속으로#역사유적#역사유적지#역사이야기#역사탐방#역사탐험,대구 북구 관광자원개발과 053-665-4326,대구 북구 문화관광  http://www.buk.daegu.kr/tour/index.do   문화재청  http://www.cha.go.kr ,,https://support.visitkorea.or.kr/img/call?cmd=VIEW&id=452f2dff-938c-4726-b651-20014ef71e5e,매양서원(梅陽書院)은 광해군 때 아헌 송원기(宋遠器)가 사간원으로 있으면서 광해군의 폭정을 간하였으나 이를 듣지 않자 자신의 호를 벙어리라는 뜻에서 아헌으로 고치고 지금의 매남동 지역으로 내려와 후진을 양성 하였다는 데서 매남이라는 이름이 유래되었고  매양서원이 창건된 것은 1692년(숙종18)이다. 이 서원은 아헌(啞軒)송원기(宋遠器)를 기리고 선비가 모여 학문을 강론하기 위해 지어졌다. 1783년(정조7)에는 사람들의 합의로 매헌(梅軒) 송명기(宋命基)와 남촌(南村) 송이석(宋履錫)을 배향하게 되었다. 1871년(고종8) 흥선대원군의 서원훼철령으로 두 차례 훼철된 후 1886년 재차 복원했지만 다시 소실됐고 2004년 제 모습을 찾게 됐다. 매양서원의 복원은 문중의 영광으로 그치기보다 지역 문화유산으로 등재돼 강학의 장으로 삼아야 한다는 유림과 지역민들의 권유에 따라 2009년 4월 26일 기적비(紀積碑) 제막식과 함께 세상에 알려지게 됐다. 
81. 아저씨냉면,인천광역시 동구 화도진로91번길 27,#맛집#음식,032-765-3553,,연중무휴,https://support.visitkorea.or.kr/img/call?cmd=VIEW&id=dd1c6bd5-62cd-4bb4-9e9f-59a3ed32c9be,※ 영업시간 10:00 ~ 21:00  1978년경에 문을 연 집이다. 오래된 세월이 실내에서 느껴진다. 나이드신 분들이 많이 찾는 등 오래된 단골이 많다.
82. 등선폭포(삼악산),강원도 춘천시 서면 경춘로,#관광지#자연,관리소 033-262-2215,춘천 문화관광  http://tour.chuncheon.go.kr ,,https://support.visitkorea.or.kr/img/call?cmd=VIEW&id=3f1a2739-2c87-4931-b430-d7a708550f2b,서울에서 북쪽으로 80km  춘천에서 남서쪽으로 10km 떨어진 등선폭포(계곡)는 경춘국도변에서 100m 계곡안에 자리잡아 서울  경기  인천지역 시민들의 주말여행이나 1일관광코스로 적합하다.
83. 화암서원,대구광역시 북구 노곡로5길 7-18,#경상권#관광지#교과서속여행#서원#역사#역사공부#역사관광지#역사를품은곳#역사문화재#역사속#역사속으로#역사유적#역사유적지#역사이야기#역사탐험#화암서원,대구 북구 관광자원개발과 053-665-4326,대구 북구 문화관광  http://www.buk.daegu.kr/tour/index.do   문화재청  http://www.cha.go.kr ,,https://support.visitkorea.or.kr/img/call?cmd=VIEW&id=b490256d-6307-4451-8123-1b160b1f6163,화암서원(華巖書院)은 정조 을유년(乙酉年)에 영남의 많은 사림들이 백인관(白仁寬) 선생의 충효정신을 추모하고 교육의 목적으로 성서(城西) 장기동(퇴락(頹落)함에 사람 및 후손들은 우구(憂懼)함을 이기지 못하여 경선재지(景長基洞)에 청원하여 봉사(奉祀)하여 오던 중 백문연·백용채(白文連·白龍采) 두 분을 추향하게 되었다. 82년간 지속하다 훼철당한 후 공께서 노후에 노곡동에 두어간 집을 세워 경선정(景禪亭)이라 편액하여 후학강론(後學講論)하시든 정(亭)을 사림 및 후손들이 경선재(景禪齋)로 중창(重刱)하였으나 또한 재(齋)가 禪齋址)에 중건을 합의하여 경오년(庚午年)에 기공(起工)하여 정축년(丁丑年 1997) 중춘(仲春)에 낙성(落成)하여 지금에 이르고 있다. 
84. 인천기독교사회복지관(현 창영사회복지관),인천광역시 동구 우각로 57,#관광지#문화재#수도권#역사#역사공부#역사관광지#역사를품은곳#역사문화재#역사속#역사속으로#역사유적#역사유적지#역사이야기#역사탐방#역사탐험#인천기독교사회복지관#창영사회복지관,대구 동구 문화관광과 053-662-2362,인천동구 문화관광  http://www.icdonggu.go.kr/open_content/culture  문화재청  http://www.cha.go.kr ,,https://support.visitkorea.or.kr/img/call?cmd=VIEW&id=dce1cb1a-69ee-4256-af44-8ccb3d98c3bf,인천기독교사회복지관은 19c말 미국 감리교회가 보낸 선교사들의 합숙소로 이용하기 위하여 지어진 건물들 중에서 현재까지 남아있는 건물이다. 이 곳은 해방 후 1949년 4월 미국 감리교 선교사 헬렌 보일즈에 의하여 인천기독교사회관으로 다시금 창설됐으나 한국전쟁 등 파란만장한 일들을 겪고 1956년부터는 여자 선교사들의 숙소였던 이 건물을 기독교사회복지관으로 사용하게 되었다. 1894년에 지어진 이 건물은 양철(함석)지붕으로 구조가 독특하며  벽체는 빨간 벽돌로 쌓았다. 창호는 조선시대 서원이나 절의 승방 등에서 사용하던 방법을 빌어  쓸 용(用)자 모양으로 꾸몄고  가장자리는 빗살 모양으로 짜 넣었다. 내부는 목조로 되어 있으며  2층 가로축에 지하로 드나들 수 있도록 시설하였다. 비교적 원형을 잘 보존하고 있는 근세 르네상스 양식의 건물이다. 현재는 재단법인 기독교대한감리회 유지재단에서 창영사회복지관으로 운영하고 있다. 
85. 북한산국립공원(도봉 지구),서울특별시 도봉구 도봉산길 86,#관광지#자연,북한산국립공원 도봉분소 02-954-2566,북한산국립공원  http://bukhan.knps.or.kr ,,https://support.visitkorea.or.kr/img/call?cmd=VIEW&id=50be2168-cdd9-49ab-9ca8-85621d39c685,1983년에 국립공원으로 지정된 삼각산(북한산)국립공원은 총 넓이 78.45 ㎢로 삼각산(북한산)과 도봉산 지역을 포함한다. 북한산의 인수봉  만경대  백운대  노적봉  보현봉  비봉  원효봉과 도봉산의 자운봉  만장봉  선인봉  오봉 등 20여 개의 봉우리가 이어져 있다. 백운대(835.6m)  인수봉(810.5m)  만경대(799.5m)를 일컬어 삼각산이라고 하는데  인수봉의 암벽타기 등을 즐기는 산악인들과 그 외 많은 등산객이 찾고 있다. 공원 전체가 도시지역으로 둘러싸여 생태적으로는  고립된 섬 이지만 도시지역에 대한  녹색허파 로서의 역할을 훌륭히 수행하고 있으며  수도권 주민들의 자연휴식처로 크게 애용되고 있다.  수도권 어디에서도 접근이 용이한 교통 체계와 거대한 배후 도시로 연 평균 탐방객이 500만에 이르고 있어   단위면적당 가장 많은 탐방객이 찾는 국립공원 으로 기네스북에 기록되어 있지만  이같은 과도한 탐방압력이 삼각산(북한산)의 자연생태계를 점차 약화시키고 있다. 자연휴식년제 구간  산불조심기간 중 통제구간  수많은 샛길  안전사고  위험지역 등 출입금지구역에 대한 탐방객 스스로의 주의가 절대 필요하다.  삼각산(북한산)국립공원은 거대한 화강암으로 이루어진 주요 암봉사이로 수십 개의 맑고 깨끗한 계곡이 형성되어 산과 물의 아름다운 조화를 빚어내고 있으며  그 속에 10 300여 종의 동식물이 서식하고 있다. 또한  삼국 시대 이래 과거 2천 년의 역사가 담겨진 북한산성을 비롯한 수많은 역사  문화유적과 100여 개의 사찰  암자가 곳곳에 산재되어 있어 다양한 볼거리와 생태  문화  역사 학습장소를 제공하고 있다. 삼각산(북한산)은 계절별로 봄에는 온갖 꽃들이 다투어 피어  공원 전체를 동화 속의 나라로 바꾸어 놓고  여름에는 울창한 숲과 그 밑을 흐르는 계곡에서 잠시 쉬고 있노라면 무릉도원이 따로 없을 정도이다. 가을에는 조상의 거친 숨결이 아직까지도 느껴지는 듯한 사적 제162호 북한산성 유적지를 따라 거닐면 고즈넉한 정취에 흠뻑 심취해 볼 수 있다. 그리고 겨울에는 흰눈이 덮인 인수봉  백운대  만경대의 삼각산을 바라보고 있노라면 순결함과 신성한 기운이 감도는 듯한 신비함도 맛볼 수 있다.
86. 족회관,서울특별시 중구 장충단로 168,#맛집#음식,02-2275-0863,,명절당일,https://support.visitkorea.or.kr/img/call?cmd=VIEW&id=93a263c2-9445-4741-87bd-ec5ad491fbc6,※ 영업시간 10:00 ~ 24:00  1970년에 문을 연 이래로 전통과 역사를 자랑하는 곳이다.   가게 내부가 깨끗하고 넓은 편인데다가 족발 손질이 오픈된 공간에서 이루어지므로 안심하며 즐길 수 있다. 녹두빈대떡과 콩나물국이 서비스로 제공된다.
87. 삼미소문난냉면,인천광역시 동구 화평로 10,#맛집#음식,032-763-4861,,연중무휴,https://support.visitkorea.or.kr/img/call?cmd=VIEW&id=d54e1825-72ba-46e9-8ac1-8d1dced5be6f,※ 영업시간 10:00 ~ 21:00  30년 된 집이다. 세월이 느껴지는 실내 분위기가 냉면 맛을 더욱 살린다.
88. 원조평남할머니집족발,서울특별시 중구 장충단로 170-1,#맛집#음식,02-2278-5168,,명절연휴,https://support.visitkorea.or.kr/img/call?cmd=VIEW&id=615291c1-eccf-43bb-9fe0-44a410759afb,※ 영업시간 12:00 ~ 22:00  40여 년 전에 개업한 곳으로 역사와 전통을 자랑하는 곳이다. 더불어 주인 아주머니의 풋풋한 인심이 마음 편하게 음식을 즐길 수 있게 한다.
89. 제물포구락부,인천광역시 중구 자유공원남로 25,#관광지#교과서속여행#문화재#수도권#역사#제물포구락부,인천시 중구 문화유산팀 032-760-6474,인천 중구 문화관광  http://www.icjg.go.kr/tour  문화재청   http://www.cha.go.kr  제물포구락부  http://www.jemulpoclub.com/ ,매주 월요일  1월1일  설날 및 추석연휴,https://support.visitkorea.or.kr/img/call?cmd=VIEW&id=e4b49fd3-a097-420b-841d-1c9f015ba76f,* 근대 문화 교류의 현장   제물포구락부   *  개항기 인천에 거주하던 미국·영국·독일·프랑스·러시아 및 기타 외국인과 소수의 중국·일본인들이 친목을 돕는 사교장으로 사용하기 위하여 1901년에 지었다. 벽돌로 된 2층 건물로 지붕을 양철로 덮었으며 내부에는 사교실·도서실·당구대 등을 마련하였고  따로 테니스 코트도 가지고 있었다. 1914년 외국인 거주지역인 각국조계(各國租界)가 철폐되고 일본 재향군인회관  부인회관  광복 후에는 미군이 사용하였다. 1953년부터 1990년까지는 인천시립박물관으로 이용하였고  1990년부터 2006년까지 인천문화원으로 사용되었으며  2007년 제물포구락부로 재탄생하였다.  제물포구락부  의 원래 명칭은   제물포 클럽  이었다. 그러나 조계 제도가 폐지된 이후   클럽  이 일본식 가차음인   구락부  로 불리고  그것이 그대로 굳어져 오늘까지 이어져 온 것이다. 
90. 금샘 홈스테이 [한국관광 품질인증/Korea Quality],부산광역시 금정구 금강로379번길 50,#금샘#부산추천숙소#숙박#숙소#외국인친구에게추천#추천숙박#한국관광품질인증#한국관광품질인증업소#홈스테이,010-5525-9303,,,https://support.visitkorea.or.kr/img/call?cmd=VIEW&id=01092ce1-4a7d-4fa1-9e40-a0050e4b39cc, 금샘은 외국인 전용 홈스테이 숙소다. 금샘에서 부산대학교까지 도보 약 20분  외국어대학교까지 버스로 약 20분 거리에 있어 어학연수로 부산을 찾는 학생들에게 인기 있다. 금샘은 아파트를 숙소로 활용하는데 홈스테이용 객실은 모두 4개다. 거실과 주방  화장실은 공동으로 사용하고 원할 경우 조식  석식을 제공한다. 호스트와 영어로 소통이 가능하다. 한국의 역사와 문화에 관해 대화를 나누거나 부산의 여행지를 안내해준다.   금샘에서 가까운 지하철은 1호선 장전역으로 걸어서 10분 거리다. 부산 여행을 할 경우 지하철을 이용하는 게 좋다. 지하철로 장전역에서 해운대역까지 약 38분  광안리해변으로 갈 수 있는 광안역까지 약 34분  자갈치시장이 있는 자갈치역까지 약 35분 걸린다. 부산역이나 김해공항까지 대중교통으로 약 1시간 걸린다.   
91. 평안도족발집,서울특별시 중구 장충단로 174-6,#맛집#음식,02-2279-9759,,월요일 / 명절연휴,https://support.visitkorea.or.kr/img/call?cmd=VIEW&id=02bde99d-e980-4fb2-a011-0f4ae4afd8d0,※ 영업시간 12:00 ~ 22:30 (주문마감 22:00)  50여 년 전통의 장충동 족발거리에 위치한 유명 맛집이자 원조집으로 소문난 평안도족발집이다. 족발 본연의 담백한 맛을 느낄 수 있어 족발 마니아들의 단골 맛집 중 하나로 꼽힌다. 다른 족발집과 다르게 족발거리에서 오른쪽으로 꺾어 안쪽에 위치해 있으므로 방문 시 주의가 필요하다.   허영만 화백의 만화  에서   평안도 족발집  을 족발 메뉴 개발자로 소개하고 있다.
92. 삼악산(춘천),강원도 춘천시 서면 경춘로 1401-25,#강원권#관광지#등산#산#삼악산#자연#풍경좋은곳,관리소 033-262-2215,춘천 문화관광  http://tour.chuncheon.go.kr ,연중무휴,https://support.visitkorea.or.kr/img/call?cmd=VIEW&id=ff05aa15-98af-42a3-b8bf-9d9bde8d7a62,서울에서 북쪽으로 80km 춘천에서 남서쪽으로 10km 떨어진 삼악산과 등선폭포(계곡)는 경춘 국도변에서 가깝기 때문에 수도권 시민들의 주말여행이나 일일관광코스로 적합하다. 깎아지른 듯한 절벽 및 기암괴석 사이로 크고 작은 폭포가 연이어 있으며 높이 10m 의 아담한 제1폭포를 시작으로 제2 3폭포 및 선녀탕을 경유하여 삼악산 주봉(해발 655.8m)을 오르는 등산로는 그리 험하지 않아 초보자들도 쉽게 오를 수 있다. 협곡과 아기자기한 바위능선으로 이루어진 삼악산의 산세는 설악산의 빼어난 암봉미와 오대산의 웅장함을 한 곳에 모아놓은 듯하다. 울창한 수목도 인상적이고 의암호와 북한강이 내려다 보이는 정상에 서면 마치 다도해에 떠 있는 듯한 착각이 들 정도이다.
93. 냉면천국,인천광역시 동구 화평로 14,#맛집#음식,032-777-1248,,연중무휴,https://support.visitkorea.or.kr/img/call?cmd=VIEW&id=0bf44e74-c3e8-4316-963b-512893639aac,※ 영업시간 10:00 ~ 22:00  냉면천국은 냉면과 함께 묵밥을 파는 것이 특징이다.  메인메뉴인 쫄깃한 세숫대야 냉면 뿐만 아니라 부드러운 즉석메밀 냉면도 제공하므로 원하는 입맛에 따라 초이스가 가능하다.
94. 우정,서울특별시 중구 퇴계로76길 55,#떡볶이#맛집#서울맛집#수도권#우정#음식,02-2233-0669,,첫째 셋째 수요일 / 명절 전날 및 당일,https://support.visitkorea.or.kr/img/call?cmd=VIEW&id=eaa9b566-5c7a-4d63-98ce-a7b567b1048c,※ 영업시간 00:00 ~ 24:00  70년대 말에 문을 연 집이다. 30년 정도 됐지만 실내는 깨끗하다. 간혹 오래된 물건들이 보이기도 하는데 세월이 느껴져 입보다 먼저 마음으로 맛을 본 느낌이다. 요즘도 학생들이 많이 찾는다.
95. 삼강서원,경상남도 밀양시 삼랑진읍 삼랑1길 32-9,#관광지#역사#역사공부#역사관광지#역사를품은곳#역사문화재#역사속#역사속으로#역사유적#역사유적지#역사이야기#역사탐방#역사탐험,밀양시 문화예술과 055-359-5637,밀양 문화관광  http://tour.miryang.go.kr  문화재청  http://www.cha.go.kr ,,,낙동강가 민씨 오우정(五友亭) 안에 있는 서원으로 연산군  중종 때 학자인 민구령(閔九齡)  민구소(閔九韶)  민구연(閔九淵)  민구주(閔九疇)  민구서(閔九敍) 등 5형제를 배향하였다. 삼강서원은 조선 연산군·중종 때의 김종직(金宗直)의 문인이였던 민구령(閔九齡)이 1510년(중종 5)경에 삼랑루(三郞樓)가 있던 자리에 정자 하나를 짓고  아우인 민구소(閔九韶)  민구연(閔九淵)  민구주(閔九疇)  민구서(閔九敍)와 더불어 5형제가 베개를 나란히 하여 기거하면서 학문을 닦고 실천하여 형제간의 우애가 출천(出天)하여 향도에 그 평판이 자자하였다. 1547년(명종 2)에 당시의 경상도 관찰사 임호신(任虎臣)이 그 명성을 듣고 이곳을 찾아와 사실을 확인한 다음 조정에 벼슬을 천거하는 한편 오우정(五友亭)이라는 현판을 써서 걸었다. 그 뒤 1563년(명종 18)에 이곳 향중의 사림들이 민씨 5선생의 우애와 덕행을 추모하고 정자 안에 오우사(五友祠)를 지어 병향(幷享)하였으며 경내에 따로 기사비(紀事碑)를 세웠다. 후에 오우사는 삼강사(三江祠)로 바뀌었고 다시 삼강서원으로 승격하여 조두(俎豆)의 위의를 더욱 갖추었다. 정자와 사당은 임진왜란 때 불타 버렸다가 그 뒤 자손들에 의하여 복원되었고  이후 수백년 동안 여러 차례 흥폐를 거듭해 오다가  1868년(고종 5) 서원철폐령에 의하여 훼철되었다. 1897년(고종 34)에 후손인 민영지(閔泳智)  민영하(閔泳夏) 등이 문중의 의논을 주도하여 사당에 있던 자리에 큰 집을 새로 짓고 오우정의 현판을 걸어 보존하였다. 1904년에 일부를 중건하였으며  1979년에 14세손 민병태(閔丙兌)의 주선으로 후손들이 협력하여 정자의 규모를 확충하고 사당을 다시 지어 향중 유림들의 공의로 삼강서원의 현판을 걸고  향사림의 주관으로 서원 향사를 받들고 있다. 
96. 종점떡볶이,서울특별시 중구 다산로 217-1,#맛집#음식,02-2234-3649,,연중무휴,https://support.visitkorea.or.kr/img/call?cmd=VIEW&id=b698e2b8-5565-4adb-97f1-624b1badee6d,※ 영업시간 00:00 ~ 24:00  1978년에 처음 문을 연 집으로 신당동 떡볶이거리에서도 유난히 인기가 많은 집이다. 떡볶이에 볶음밥을 추가해서 먹는것이 특색 있다.
97. 우계당서원,경상남도 산청군 차황면 친환경로3612번길 108,#경상권#관광지#교과서속여행#문화재#서원#역사#역사관광지#역사를품은곳#역사문화재#역사속#역사속으로#역사유적#역사유적지#역사이야기#역사탐험#우계당서원,산청군 문화체육과 055-970-6413,산청 문화관광  http://www.sancheong.go.kr/tour/index.do   문화재청  http://www.cha.go.kr ,,https://support.visitkorea.or.kr/img/call?cmd=VIEW&id=6812a6cc-1e5b-4fb1-aa5f-b629f6f4242a,조선 전기 유림들이 학문 교육을 위한 서원으로 세웠으나 지금은 위패를 모시고 제사를 지내는 사당으로 쓰고 있다. 앞면 6칸·옆면 3칸 규모이며  지붕은 옆에서 볼 때 여덟 팔(八)자 모양을 한 팔작지붕이다. 높은 기단 위에 앞면과 좌우 옆면에 툇마루를 놓고 난간을 두어 누각과 같은 형태를 하고 있다. 대들보를 통째로 사용하여 견고하고  좌우의 온돌방에는 아궁이를 두어 굴뚝을 기단면으로 나오게 한 특이한 구조를 이루고 있다. 
98. 용화산,강원도 화천군 하남면 용화산로,#강원권#관광지#등산#산#용화산#자연#풍경좋은곳,화천군 농업기술센터 033-440-2426,화천 문화관광  http://tour.ihc.go.kr ,연중무휴,https://support.visitkorea.or.kr/img/call?cmd=VIEW&id=6ee4f938-e15f-4d09-b3f0-6daac8d81d6b,해발 877.8 m의 용화산은 화천군 간동면  하남면과 춘천시 사북면 경계에 솟아 있다. 화천군민의 정신적 명산이며 해마다 용화축전시 산신제를 지낸다.  전설에 의하면 이 산의 지네와 뱀이 서로 싸우다 이긴 쪽이 용이 되어 하늘로 올라갔다 하여 용화산이라 이름 지어 졌다. 암벽등반을 하지 않고도 암벽등로를 누비는 재미를 맛볼 수 있다. 득남바위  층계바위  하늘벽  만장봉  주전자바위  작은 비선대 등 숱한 기암괴석과 백운대 코스와 비슷한 깔딱고개까지 있어 온종일 바위등로를 오르내리게 된다. 특히 858m봉에서 정상까지는 지그재그로 이어지는 암릉 코스여서 스릴만점이다.  용화산 준령 북쪽에 성불령이라는 고개가 있고 여기에 성불사 터가 있다. 예부터 성불사 저녁 종소리와 용화산의 안개와 구름  기괴한 돌  원천리계곡의 맑은 물  부용산의 밝은 달  죽엽산의 단풍  구운소의 물고기 등을 화천팔경이라 불렀다. 춘천에서 화천가는 국도를 달리다 춘천댐 입구에서 오른쪽 도로로 접어들어 15분을 더 가면 춘천 고탄리 양통마을. 이곳이 산행기점이다. 최근 춘천시 사북면 고성리에서 화천군 하남면 삼화리로 넘어가는 포장도로가 뚫려 있고 산 정상 1km 아래 지점에 주차장까지 생겨 등산 대신 드라이브 코스로도 훌륭하다.
99. 목계서원,경상남도 산청군 단성면 석대로525번길 40-13,#경상권#관광지#교과서속여행#목계서원#서원#역사#역사공부#역사관광지#역사를품은곳#역사문화재#역사속#역사속으로#역사유적#역사유적지#역사이야기#역사탐방#역사탐험,산청군 문화체육과 055-970-6413,산청 문화관광  http://www.sancheong.go.kr/tour/index.do   문화재청  http://www.cha.go.kr ,,https://support.visitkorea.or.kr/img/call?cmd=VIEW&id=85ab3d5a-1848-4e61-9a55-02858b88c3ad,1778년(정조 2) 창건되었으며  서원철폐령에 의해 훼철되었다. 그 후 1983년에 중수되었다. 현재 편액은 목계정사(牧溪精舍)이고 1동이다. 재실만 있다. 조선 숙종 조에 사림이 김담(金湛)과 이조(李晁)를 두능서원(杜陵書院)에서 봉향하다가 서원이 훼철되자 1778년(정조 2)에 유림들이 목계서원을 지어 다시 봉향하였다. 그 뒤 대원군의 서원훼철령에 의해 철폐된 것을 1883년(고종 20)에 강당을 중수하였으며 1983년에 완전히 복원되었다. 이 서원을 ‘목계정사(牧溪精舍)’로도 부르는 것은 훼철을 피하기 위해서였던 것 같다. 
